STT;Mã d? án;D? án;K? toán;Phòng DA;C?p Q? ??u t? tr??c khi bàn giao;C?T c?;Q? chuy?n C?T;Tình tr?ng hi?n t?i;;;;;;;;;;;
;;;;;;;;;;;;;;;;;;;
;;T?ng;;;;;;;;;;;;;;;;;
1;ch?a m? mã;Nâng c?p, c?i t?o, s?a ch?a Nhà làm vi?c Huy?n ?y, UBND huy?n và các h?ng m?c ph? tr?;V? Giang;2;H;C?m Xuyên;2140;1;;;;;;;;;;;
2;8156067;Nâng c?p, m? r?ng ???ng Th? S?n, huy?n Can L?c (giai ?o?n 2);H??ng;2;H;Can L?c;2140;1;;;;;;;;;;;
3;8158497;"Kh?i hành chính qu?n tr? k?t h?p phòng ph?c v? h?c t?p 02 t?ng 06 phòng; b?p ?n bán trú; h? th?ng thoát n??c và các h?ng m?c ph? tr? Tr??ng M?m non Ng?c S?n";Tâm;3;H;Th?ch Hà;2140;1;;;;;;;;;;;
4;8164161;Kh?i phòng h?c t?p k?t h?p h? tr?, ph? tr? h?c t?p Tr??ng THCS H??ng Tr?ch;??c;3;H;H??ng Khê;2140;1;;;;;;;;;;;
5;8164160;Kh?i ph? tr? h?c t?p 02 t?ng Tr??ng ti?u h?c Phú Phong;??c;3;H;H??ng Khê;2140;1;;;;;;;;;;;
6;8080494;C?u Cây Soi, xã H??ng Giang;??c;3;H;H??ng Khê;2140;1;;;;;;;;;;;
7;8096033;Nhà h?c 02 t?ng 04 phòng Tr??ng M?m non Phúc ??ng;??c;3;H;H??ng Khê;2140;1;;;;;;;;;;;
8;8080482;??p V?c Rong xã Hòa H?i;??c;3;H;H??ng Khê;2140;1;;;;;;;;;;;
9;8096035;S?a ch?a, c?i t?o Tr??ng M?m non Hòa H?i (?i?m ??i ??ng);??c;3;H;H??ng Khê;2140;1;;;;;;;;;;;
10;8061189;Nhà h?c b? môn 02 t?ng 8 phòng Tr??ng THCS C?m Th?nh;V? Giang;2;H;C?m Xuyên;2140;2;;;;;;;;;;;
11;8132632;???ng tr?c xã TX.11 xã C?m M?;V? Giang;2;H;C?m Xuyên;2140;2;;;;;;;;;;;
12;8132634;???ng liên xã ?LX.02 Th? tr?n Thiên C?m ?i xã Nam Phúc Th?ng;V? Giang;2;H;C?m Xuyên;2140;2;;;;;;;;;;;
13;8061193;Nhà h?c 02 t?ng 8 phòng h?c b? môn Tr??ng THCS Hà Huy T?p;V? Giang;2;H;C?m Xuyên;2140;2;;;;;;;;;;;
14;8062397;Kênh tiêu úng d?c ???ng ?H 131 ?o?n t? ???ng ?H 121 ??n thôn Bình Minh, xã C?m Bình, huy?n C?m Xuyên;V? Giang;2;H;C?m Xuyên;2140;2;;;;;;;;;;;
15;8115004;Xây d?ng tr??ng chính tr? Tr?n Phú;Bình;2;T;Dân d?ng;DDCN;2;;;;;;;;;;;
16;8172870;Xây d?ng t??ng rào, c?ng, m??ng thoát n??c, sân n?i b? và h?ng m?c ph? tr? m? r?ng khuôn viên B?nh vi?n ?a khoa t?nh Hà T?nh;V? Giang;2;T;C?m Xuyên;3071;2;;;;;;;;;;;
17;8160772;D? án xây d?ng nhà h?c 3 t?ng 15 phòng Tr??ng THPT C?m Xuyên;V? Giang;2;T;C?m Xuyên;1882;2;;;;;;;;;;;
18;8119291;Nâng c?p tuy?n ???ng tr?c xã TX.01 ?o?n t? Qu?c l? 15B ??n thôn V?n S?n, xã ??nh Bàn, huy?n Th?ch Hà;Tâm;3;T;Th?ch Hà;2140;2;;;;;;;;;;;
19;8119922;Xây d?ng tr?m b?m C?n ?ình, xã Th?ch Long;Tâm;3;H;Th?ch Hà;2140;2;;;;;;;;;;;
20;8128679;Hàng rào và các công trình ph? tr? Tr??ng THCS Ng?c S?n;Tâm;3;H;Th?ch Hà;2140;2;;;;;;;;;;;
21;8128253;Xây d?ng tràn ?i?u ti?t k?t h?p ???ng giao thông n?i ??ng và tuy?n kênh t??i ph?c v? s?n xu?t thôn Xuân S?n, xã L?u V?nh S?n;??i;3;H;Th?ch Hà;2140;2;;;;;;;;;;;
22;8128528;Xây d?ng tr?m b?m và kênh t??i n?i ??ng xã Th?ch Liên;??i;3;H;Th?ch Hà;2140;2;;;;;;;;;;;
23;8128527;Xây d?ng tuy?n kênh t??i h? du h? ch?a n??c ??p ?á ?en, xã Ng?c S?n;??i;3;H;Th?ch Hà;2140;2;;;;;;;;;;;
24;8128531;Nâng c?p, m? r?ng ???ng ?ê sông H?u Nghèn ?o?n t? c?ng V?c Sim ??n thôn ?ông Hà 2, xã Th?ch Long;??i;3;H;Th?ch Hà;2140;2;;;;;;;;;;;
25;8127404;Dãy nhà 02 t?ng 06 phòng h?c b? môn và các h?ng m?c ph? tr? Tr??ng THCS Hàm Nghi (?i?m Th?ch Xuân);Tâm;3;H;Th?ch Hà;2140;2;;;;;;;;;;;
26;8128526;Dãy nhà 02 t?ng 10 phòng h?c b? môn và các h?ng m?c ph? tr? Tr??ng THCS H??ng ?i?n - Nam H??ng, xã Nam ?i?n;Tâm;3;H;Th?ch Hà;2140;2;;;;;;;;;;;
27;8158498;Dãy nhà h?c 02 t?ng 06 Tr??ng M?m non Th?ch Ng?c;Tâm;3;H;Th?ch Hà;2140;2;;;;;;;;;;;
28;8158237;Nâng c?p ???ng giao thông nông thôn xã H??ng Long;??c;3;H;H??ng Khê;2140;2;;;;;;;;;;;
29;8096029;Nhà h?c b? môn k?t h?p ph? tr?, h? tr? h?c t?p Tr??ng Ti?u h?c H??ng V?nh;??c;3;H;H??ng Khê;2140;2;;;;;;;;;;;
30;8080393;C?u T? V?n và c?u Làng M??p, xã Hòa H?i;??c;3;H;H??ng Khê;2140;2;;;;;;;;;;;
31;8053447;Nhà h?c 02 t?ng k?t h?p phòng hành chính qu?n tr? Tr??ng M?m non Hà Linh (?i?m tr??ng Truông Bát);??c;3;H;H??ng Khê;2140;2;;;;;;;;;;;
32;8080500;???ng GTNT TX03 xã ?i?n M?;??c;3;H;H??ng Khê;2140;2;;;;;;;;;;;
33;8080495;???ng GTNT thôn 8 xã Hà Linh;??c;3;H;H??ng Khê;2140;2;;;;;;;;;;;
34;7941294;D? án ???ng t? th? tr?n ??c Th? ??n Khu l?u ni?m Tr?n Phú, huy?n ??c Th?;Huân;1;T;??c Th?;2140;3;;;;;;;;;;;
35;8106611;D? án C?u Bãi Th?n n?i huy?n ??c Th? và th? xã H?ng L?nh;Huân;1;H;??c Th?;2140;3;;;;;;;;;;;
36;8155800;"Tr??ng ti?u h?c Ân Phú; H?ng m?c: xây d?ng m?i nhà ?a ch?c n?ng 2 t?ng, s?a ch?a nhà h?c 2 t?ng và các h?ng m?c ph? tr? khác";Thu?n;1;H;V? Quang;2140;3;;;;;;;;;;;
37;7767755;D? án Tr?ng m?i, ph?c h?i và b?o v? r?ng ng?p m?n ven bi?n ?ng phó v?i bi?n ??i khí h?u t?i các huy?n: Nghi Xuân, C?m Xuyên và th? xã K? Anh;H??ng Giang;1;T;Dân d?ng;DDCN;3;;;;;;;;;;;
38;7872498;C?i t?o, nâng c?p H? sinh thái Khu di tích ??ng L?c (Giai ?o?n 2);H??ng Giang;1;T;Dân d?ng;DDCN;3;;;;;;;;;;;
39;7946312;Nâng c?p, c?i t?o B?nh vi?n ?a khoa huy?n C?m Xuyên;H??ng Giang;1;T;Dân d?ng;DDCN;3;;;;;;;;;;;
40;7993024;D? án ??u t? xây d?ng nâng c?p, c?i t?o và mua s?m trang thi?t b? cho 04 B?nh vi?n ?a khoa, Trung tâm y t? huy?n huy?n, t?nh Hà T?nh;H??ng Giang;1;T;Dân d?ng;DDCN;5;;;;;;;;;;;
41;8028364;Ch??ng trình ??u t? phát tri?n m?ng l??i y t? c? s? vùng khó kh?n, t?nh Hà T?nh;H??ng Giang;1;T;Dân d?ng;DDCN;3;;;;;;;;;;;
42;8155076;D? án xây d?ng, tôn t?o m?t s? h?ng m?c t?i Khu m? T?ng Bí Th? Tr?n Phú;Bình;1;T;Dân d?ng;DDCN;3;;;;;;;;;;;
43;8160730;D? án xây d?ng, c?i t?o h? t?ng k? thu?t và m?t s? h?ng m?c t?i Khu l?u ni?m T?ng Bí Th? Tr?n Phú;Bình;1;T;Dân d?ng;DDCN;3;;;;;;;;;;;
44;8155078;D? án xây d?ng, tôn t?o m?t s? h?ng m?c t?i Khu m? T?ng Bí Th? Hà Huy T?p;Bình;1;T;Dân d?ng;DDCN;3;;;;;;;;;;;
45;8160731;D? án xây d?ng, c?i t?o h? t?ng k? thu?t và m?t s? h?ng m?c t?i Khu l?u ni?m T?ng Bí Th? Hà Huy T?p;Bình;1;T;Dân d?ng;DDCN;3;;;;;;;;;;;
46;8155077;Tôn t?o Nhà l?u ni?m, Nhà t??ng ni?m, Nhà tranh t?i khu l?u ni?m T?ng Bí th? Hà HUy T?p;Bình;1;T;Dân d?ng;DDCN;3;;;;;;;;;;;
47;8155075;Xây d?ng Nhà l?u ni?m, Nhà t??ng ni?m t?i khu l?u ni?m T?ng Bí th? Tr?n Phú;Bình;1;T;Dân d?ng;DDCN;3;;;;;;;;;;;
48;8173864;Xây d?ng Tr??ng ph? thông n?i trú liên c?p Ti?u h?c và THCS H??ng Khê;H??ng Giang;1;T;DDHT;;3;;;;;;;;;;;
49;8173865;Xây d?ng Tr??ng ph? thông n?i trú liên c?p Ti?u h?c và THCS S?n Kim 1;H??ng Giang;1;T;DDHT;;3;;;;;;;;;;;
50;8096165;H? th?ng ?i?n chi?u sáng KDL Thiên C?m ?o?n Qu?c l? 15B (t? Km44+950 ??n Km52+120) và h? th?ng ?èn trang trí c?u C?a Nh??ng, huy?n C?m Xuyên;V? Giang;2;T;C?m Xuyên;2140;3;;;;;;;;;;;
51;8131256;???ng n?i ???ng gom QL15B ?i c?m công nghi?p C?m Nh??ng;V? Giang;2;T;C?m Xuyên;2140;3;;;;;;;;;;;
52;7941955;Nâng c?p, m? r?ng tuy?n ???ng C?m Th?ch - Th?ch H?i, huy?n C?m Xuyên, t?nh Hà T?nh;Nam;2;T;C?m Xuyên;2140;3;;;;;;;;;;;
53;7941956;H? t?ng khu du l?ch Nam Thiên C?m, huy?n C?m Xuyên;V? Giang;2;T;C?m Xuyên;2140;3;;;;;;;;;;;
54;7936770;Hoàn thi?n h? t?ng k? thu?t C?m công nghi?p - Ti?u th? công nghi?p B?c C?m Xuyên;Nam;2;T;C?m Xuyên;2140;3;;;;;;;;;;;
55;8067233;???ng tr?c xã TX.05 xã C?m Thành;Nam;2;H;C?m Xuyên;2140;3;;;;;;;;;;;
56;7972205;???ng Ph?m Lê ??c, th? tr?n C?m Xuyên;Nam;2;H;C?m Xuyên;2140;3;;;;;;;;;;;
57;7972202;???ng C?m S?n ?i C?m Th?nh (???ng tránh l?);Nam;2;H;C?m Xuyên;2140;3;;;;;;;;;;;
58;8042041;???ng giao thông liên xã Khánh V?nh Yên - Thanh L?c, huy?n Can L?c ?i th? xã H?ng L?nh;H??ng;2;T;Can L?c;2140;3;;;;;;;;;;;
59;8080684;Xây d?ng nhà h?c 4 t?ng tr??ng THPT ??ng L?c, huy?n Can L?c;H??ng;2;H;Can L?c;2140;3;;;;;;;;;;;
60;8105294;Xây d?ng h? t?ng khuôn viên tr? s? xã Kim Song Tr??ng;H??ng;2;H;Can L?c;2140;3;;;;;;;;;;;
61;7544621;D? án H? t?ng c? b?n cho phát tri?n toàn di?n t?nh Hà T?nh thu?c D? án BIIG2;H??ng Giang;2;T;Dân d?ng;DDCN;3;;;;;;;;;;;
62;7942217;??u t? xây d?ng tr??ng ngh? ch?t l??ng cao, tr??ng cao ??ng ngh? Vi?t ??c Hà T?nh;V? Giang;2;T;Dân d?ng;DDCN;3;;;;;;;;;;;
63;7868256;X? lý c?p bách ?ê H?u Ph?, huy?n Th?ch Hà, ?o?n t? K10+00 ??n K15+315;Phú;3;T;Th?ch Hà;2013;3;;;;;;;;;;;
64;7936829;???ng tr?c ngang ven bi?n huy?n Th?ch Hà;Phú;3;T;Th?ch Hà;2140;3;;;;;;;;;;;
65;7935525;H? t?ng ngoài hàng rào c?m công nghi?p Th?ch B?ng, huy?n L?c Hà;Phú;3;T;Th?ch Hà;2140;3;;;;;;;;;;;
66;7602235;H? t?ng khu du l?ch bi?n huy?n L?c Hà;Phú;3;T;Th?ch Hà;2140;3;;;;;;;;;;;
67;7853227;X? lý c?p bách ?ê t? nghèn huy?n L?c Hà;Phú;3;T;Th?ch Hà;2140;3;;;;;;;;;;;
68;7933742;?ê t? nghèn huy?n L?c Hà ?o?n qua chùa Ph? ?? n?i v?i t?nh l? 9;Phú;3;T;Th?ch Hà;2140;3;;;;;;;;;;;
69;7275750;???ng c?u h? c?u n?n cho Nhân dân các xã ven bi?n huy?n L?c Hà;Phú;3;T;Th?ch Hà;2140;3;;;;;;;;;;;
70;7786649;Ti?u d? án c?i thi?n c? s? h? t?ng ?ô th? Th?ch Hà, huy?n Th?ch Hà, t?nh Hà T?nh. Thu?c d? án C?i thi?n c? s? h? t?ng ?ô th? nh?m gi?m thi?u tác ??ng c?a bi?n ??i khí h?u cho 04 t?nh ven bi?n B?c Trung B?.;Phú;3;T;Th?ch Hà;2140;3;;;;;;;;;;;
71;8039671;Qu?ng tr??ng bi?n C?a Sót, huy?n L?c Hà;Phú;3;T;Th?ch Hà;2140;3;;;;;;;;;;;
72;7555797;Tu b? tôn t?o di tích l?ch s? v?n hóa ??n th? Mai H?c ??, xây d?ng T??ng ?ài và Qu?ng tr??ng Mai H?c ??;Phú;3;T;Th?ch Hà;2140;3;;;;;;;;;;;
73;8086818;???ng giao thông n?i vùng khu trung tâm hành chính huy?n L?c Hà (giai ?o?n 5);Phú;3;H;Th?ch Hà;2140;3;;;;;;;;;;;
74;8119947;D? án Nâng c?p Kênh tiêu c?u Trung Ngh?a, th? tr?n L?c Hà, huy?n L?c Hà;Phú;3;H;Th?ch Hà;2140;3;;;;;;;;;;;
75;7966346;???ng giao thông t? Qu?c l? 15B, xã Vi?t Ti?n ??n ???ng Th??ng Ng?c, xã Th?ch Ng?c;??i;3;H;Th?ch Hà;2140;3;;;;;;;;;;;
76;8128529;Dãy nhà 03 t?ng 06 phòng h?c b? môn và các h?ng m?c ph? tr? Tr??ng THCS Nguy?n Thi?p;Tâm;3;H;Th?ch Hà;2140;3;;;;;;;;;;;
77;7973345;???ng giao thông t? 9, th? tr?n Th?ch Hà;??i;3;H;Th?ch Hà;2140;3;;;;;;;;;;;
78;8075141;???ng giao thông t? ???ng H? Chí Minh vào C?m công nghi?p Gia Ph? (Giai ?o?n 1);??c;3;T;H??ng Khê;2140;3;;;;;;;;;;;
79;7853204;D? án c?i thi?n c? s? h? t?ng ?ô th? H??ng Khê, huy?n H??ng Khê (AFD);Quân;3;T;H??ng Khê;2140;3;;;;;;;;;;;
80;7935693;???ng giao thông t? ???ng H? Chí Minh vào khu v?c biên gi?i xã Hòa H?i, huy?n H??ng Khê;??c;3;T;H??ng Khê;2140;3;;;;;;;;;;;
81;7947023;???ng giao thông b?o v? an ninh biên gi?i, k?t h?p b?o v? phát tri?n thác V? Môn và phát tri?n vùng, huy?n H??ng Khê (giai ?o?n 1);??c;3;T;H??ng Khê;2140;3;;;;;;;;;;;
82;7999325;???ng giao thông n?i ???ng Huy?n l? 2 (?H.87) ?i ???ng H? Chí Minh, huy?n H??ng Khê;??c;3;H;H??ng Khê;2140;3;;;;;;;;;;;
83;8096030;Kh?i phòng h?c t?p k?t h?p h? tr? h?c t?p Tr??ng Ti?u h?c H??ng Trà;Quân;3;H;H??ng Khê;2140;3;;;;;;;;;;;
84;8080492;???ng GTNT xã H??ng Trà;??c;3;H;H??ng Khê;2140;3;;;;;;;;;;;
85;8053446;???ng GTNT xã H??ng Long (tuy?n ???ng ?i thôn 7, 8 và tuy?n ???ng tr?c TX01 ?o?n t? huy?n l? 6 ?i huy?n l? 8);Quân;3;H;H??ng Khê;2140;3;;;;;;;;;;;
86;8080489;Nâng c?p ???ng giao thông tr?c chính xã Phú Phong;Quân;3;H;H??ng Khê;2140;3;;;;;;;;;;;
87;7959538;???ng giao thông tránh l? k?t h?p vào khu x? lý ch?t th?i r?n huy?n H??ng Khê t?i thôn 2, xã H??ng Th?y;??c;3;H;H??ng Khê;2140;3;;;;;;;;;;;
88;7944311;Nâng c?p ???ng giao thông Huy?n l? 92 (?H92) ?o?n t? xã H??ng Th?y ?i xã H??ng Giang, huy?n H??ng Khê;??c;3;H;H??ng Khê;2140;3;;;;;;;;;;;
89;7742342;D? án ???ng giao thông n?i vùng xã ??c D?ng, huy?n ??c Th?;Huân;1;T;??c Th?;2140;4;;;;;;;;;;;
90;8025847;D? án ??u t? xây d?ng Sàn giao d?ch vi?c làm t?i Thành ph? Hà T?nh ;V? Giang;1;T;Dân d?ng;DDCN;4;;;;;;;;;;;
91;7333066;D? án ngu?n n??c t?ng h?p và phát tri?n ?ô th? trong m?i liên h? bi?n ??i khí h?u t?i t?nh Hà T?nh;H??ng Giang;1;T;Dân d?ng;DDCN;4;;;;;;;;;;;
92;7763646;Tr? s? làm vi?c Tr?m ki?m d?ch ??ng v?t n?i ??a;H??ng Giang;1;T;Dân d?ng;DDCN;4;;;;;;;;;;;
93;8132633;???ng và c?u n?i hai phía Nam - B?c khu du l?ch Thiên C?m;V? Giang;2;T;C?m Xuyên;2140;4;;;;;;;;;;;
94;8115971;Nhà h?c b? môn 2 t?ng 10 phòng Tr??ng THCS S?n Hà;Nam;2;H;C?m Xuyên;2140;4;;;;;;;;;;;
95;8059684;???ng giao thông tr?c xã C?m Quan;Nam;2;H;C?m Xuyên;2140;5;;;;;;;;;;;
96;7773469;Nâng c?p, m? r?ng ???ng tr?c chính xã Thu?n Thi?n;H??ng;2;T;Can L?c;2140;4;;;;;;;;;;;
97;7283149;?ê t? nghèn ?o?n t? K0 - K4+064,17;H??ng;2;T;Can L?c;2140;4;;;;;;;;;;;
98;7307545;???ng t? xã Tr??ng L?c và trung tâm xã mi?n núi Gia Hanh;H??ng;2;#N/A;Can L?c;2140;4;;;;;;;;;;;
99;7428304;Tu b?, tôn t?o di tích ??n th? Phan Kính xã Song L?c, huy?n Can L?c, t?nh Hà T?nh;H??ng;2;#N/A;Can L?c;2140;4;;;;;;;;;;;
100;7548060;H? t?ng k? thu?t C?m công nghi?p Yên Huy, huy?n Can L?c;H??ng;2;#N/A;Can L?c;2140;4;;;;;;;;;;;
101;7793572;???ng giao thông nông thôn xã Phú L?c, huy?n Can L?c;H??ng;2;H;Can L?c;2140;4;;;;;;;;;;;
102;8022195;???ng giao thông huy?n l? ?H.116, ?o?n Mai Ph? - Ích h?u, huy?n L?c Hà;Phú;3;T;Th?ch Hà;2140;4;;;;;;;;;;;
103;8091397;Nâng c?p, m? r?ng ???ng giao thông liên xã Th?ch Ng?c -Ng?c S?n;??i;3;H;Th?ch Hà;2140;4;;;;;;;;;;;
104;8093847;Nhà h?c 03 t?ng 15 phòng Tr??ng Ti?u h?c 2 th? tr?n Th?ch Hà;??i;3;H;Th?ch Hà;2140;4;;;;;;;;;;;
105;7957184;???ng giao thông tr?c chính L?u V?nh S?n;??i;3;H;Th?ch Hà;2140;4;;;;;;;;;;;
106;8074704;???ng giao thông t? ???ng ?T,550 t?i xã Ng?c S?n ??n xã Th?ch Ng?c;??i;3;H;Th?ch Hà;2140;4;;;;;;;;;;;
107;8112824;Nâng c?p ???ng tr?c thôn 04 xã Th?ch S?n;??i;3;H;Th?ch Hà;2140;4;;;;;;;;;;;
108;7862796;Ch?m sóc, duy trì và tr?ng m?i cây xanh ?ô th? huy?n L?c Hà n?m 2020;Phú;3;H;Th?ch Hà;2140;4;;;;;;;;;;;
109;7898773;Ch?m sóc, duy trì và tr?ng m?i cây xanh ?ô th? huy?n L?c Hà n?m 2021;Phú;3;H;Th?ch Hà;2140;4;;;;;;;;;;;
110;8022919;M?ng l??i c?p n??c sinh ho?t xã Th?ch Khê;??i;3;H;Th?ch Hà;2140;4;;;;;;;;;;;
111;8080483;???ng GTNT xã Phúc ??ng;??c;3;H;H??ng Khê;2140;4;;;;;;;;;;;
112;7130423;Ti?u h?p ph?n 2 thu?c H?p ph?n BT GPMB T?C công trình h? th?ng th?y l?i ngàn tr??i C?m Trang (Tên c?: Xây d?ng ngh?a ??a t?i th? tr?n V? Quang);Thu?n;1;T;V? Quang;2140;5;;;;;;;;;;;
113;7778248;D? án Kè ch?ng s?t l? b? h?u sông Ngàn Sâu ?o?n qua xã ??c ??ng - ??c L?c, huy?n ??c Th?, t?nh Hà T?nh;Huân;1;T;??c Th?;2140;5;;;;;;;;;;;
114;7010912;D? án Kè b? t? sông La ?o?n qua xã Tr??ng S?n - Liên Minh, huy?n ??c Th?;Huân;1;T;??c Th?;2140;5;;;;;;;;;;;
115;7959984;C?u H?p Chu?i, th? tr?n V? Quang;Thu?n;1;T;V? Quang;2140;5;;;;;;;;;;;
116;7321480;H? t?ng k? thu?t C?m CN-TTCN t?p trung huy?n V? Quang;Thu?n;1;H;V? Quang;2140;4;;;;;;;;;;;
117;7269749;???ng vào trung tâm các xã Ân Phú, ??c Giang k?t h?p c?u h?, c?u n?n trong mùa m?a l?;Thu?n;1;H;V? Quang;2140;5;;;;;;;;;;;
118;7535585;Trung tâm y t? huy?n K? Anh;H??ng Giang;1;T;Dân d?ng;DDCN;5;;;;;;;;;;;
119;7632186;Tu b?, tôn t?o các di tích g?c và xây d?ng c? s? h? t?ng Khu di tích qu?c gia ??c bi?t ??i thi hào Nguy?n Du, t?nh Hà T?nh (giai ?o?n 1);H??ng Giang;2;T;Dân d?ng;DDCN;5;;;;;;;;;;;
120;7768841;D? án c?p ?i?n nông thôn t? l??i ?i?n qu?c gia t?nh Hà T?nh G? 2018-2020;H??ng Giang;1;T;Dân d?ng;DDCN;5;;;;;;;;;;;
121;7013222;D? án c?p ?i?n nông thôn t? l??i ?i?n qu?c gia, t?nh Hà T?nh ?ã th?c hi?n;H??ng Giang;1;T;Dân d?ng;DDCN;5;;;;;;;;;;;
122;7942218;B?nh vi?n Y h?c c? truy?n Hà T?nh (giai ?o?n 2);V? Giang;2;T;Dân d?ng;DDCN;5;;;;;;;;;;;
123;7987973;D? án Nhà h?c 05 t?ng tr??ng Trung c?p ngh? Hà T?nh;H??ng Giang;1;T;Dân d?ng;DDCN;5;;;;;;;;;;;
124;8017588;M? r?ng khuôn viên Trung tâm ?i?u d??ng ng??i có công và B?o tr? xã h?i t?nh;V? Giang;1;T;Dân d?ng;DDCN;5;;;;;;;;;;;
125;8113556;C?i t?o, nâng c?p m?t s? c? s? v?t ch?t thi?t y?u c?a UBND t?nh;V? Giang;1;T;Dân d?ng;DDCN;5;;;;;;;;;;;
126;7946314;"Xây d?ng Trung tâm h?i ngh? tr?c tuy?n, TTTH d? li?u, TT?H thông minh; nâng c?p s?a ch?a Trung tâm Công báo-Tin h?c";H??ng Giang;1;T;Dân d?ng;DDCN;5;;;;;;;;;;;
127;7964395;Ch?nh trang cây xanh Sân v?n ??ng huy?n và tuy?n ???ng trung tâm th? tr?n ??ng L?c, huy?n Can L?c n?m 2022;H??ng;2;H;Can L?c;2140;5;;;;;;;;;;;
128;7060459;Xây d?ng tr? s? làm vi?c UBND huy?n C?m Xuyên, t?nh Hà T?nh;Nam;2;H;C?m Xuyên;2140;4;;;;;;;;;;;
129;7956688;???ng LX03 ?o?n t? Thiên C?m ??n xã C?m Hòa, huy?n C?m Xuyên;Nam;2;T;C?m Xuyên;2140;4;;;;;;;;;;;
130;7938940;S?a ch?a, nâng c?p tuy?n ???ng ?H.132 C?m H?ng - C?m L?c và các tuy?n nhánh;Nam;2;H;C?m Xuyên;2140;5;;;;;;;;;;;
131;8115975;Nhà h?c 2 t?ng 10 phòng Tr??ng Ti?u h?c C?m H?ng;Nam;2;H;C?m Xuyên;2140;5;;;;;;;;;;;
132;8129144;Nhà hi?u b? k?t h?p nhà h?c 3 t?ng tr??ng trung h?c c? s? Thiên C?m;Nam;2;H;C?m Xuyên;2140;5;;;;;;;;;;;
133;7965115;???ng tr?c xã C?m Huy c? (?o?n t? QL1A ?i ???ng ?H.131);Nam;2;H;C?m Xuyên;2140;5;;;;;;;;;;;
134;7972204;Nâng c?p ???ng tr?c xã t? trung tâm xã ?i kênh N1, xã C?m S?n;Nam;2;H;C?m Xuyên;2140;6;;;;;;;;;;;
135;7874264.1;Xây d?ng tr? s? Công an xã C?m Du?;Nam;2;H;C?m Xuyên;2140;7;;;;;;;;;;;
136;7874264.2;Xây d?ng tr? s? Công an xã C?m Quang;Nam;2;H;C?m Xuyên;2140;7;;;;;;;;;;;
137;7986300;Nâng c?p, m? r?ng  tuy?n ???ng ?H.36 (Ch? ?ình – Quán Tr?i), huy?n Can L?c;H??ng;2;T;Can L?c;2140;5;;;;;;;;;;;
138;8081059;Nâng c?p, m? r?ng ???ng Th? S?n, huy?n Can L?c (giai ?o?n 1);H??ng;2;H;Can L?c;2140;5;;;;;;;;;;;
139;8155086;Nâng c?p, m? r?ng ???ng Thiên An (tuy?n nhánh 01), huy?n Can L?c;H??ng;2;H;Can L?c;2140;4;;;;;;;;;;;
140;8055487; Xây d?ng tr? s? làm vi?c xã Khánh V?nh Yên, huy?n Can L?c;H??ng;2;H;Can L?c;2140;5;;;;;;;;;;;
141;7945812;Xây d?ng h? t?ng khuôn viên tr? s? Huy?n ?y, CQCQ Huy?n;H??ng;2;H;Can L?c;2140;5;;;;;;;;;;;
142;7053124;H? th?ng k?t c?u h? t?ng k? thu?t C?m Công nghi?p - Ti?u th? công nghi?p B?c huy?n C?m Xuyên;Nam;2;T;C?m Xuyên;2578;5;;;;;;;;;;;
143;7997094;Xây d?ng nhà h?c b? môn 02 t?ng, 10 phòng tr??ng THCS M? Châu;Phú;3;H;Th?ch Hà;2140;5;;;;;;;;;;;
144;8021729;Quy ho?ch chi ti?t khu dân c? xã Phú Phong;Quân;3;H;H??ng Khê;2977;5;;;;;;;;;;;
145;8021730;Quy ho?ch chi ti?t xây d?ng c?m công nghi?p Gia Ph?;Quân;3;#N/A;H??ng Khê;2977;5;;;;;;;;;;;
146;8006463;"Quy ho?ch xây d?ng vùng huy?n H??ng Khê ??n n?m 2040; t?m nhìn ??n n?m 2050";Quân;3;#N/A;H??ng Khê;2977;5;;;;;;;;;;;
147;7996627;?? án Quy ho?ch chung xây d?ng ?ô th? H??ng Khê, huy?n H??ng Khê, t?nh Hà T?nh, giai ?o?n ??n n?m 2045;Quân;3;H;H??ng Khê;2977;5;;;;;;;;;;;
148;3034080;?? án phân lo?i ?ô th? th? tr?n H??ng Khê m? r?ng, huy?n H??ng Khê, t?nh Hà T?nh ??t tiêu chí ?ô th? lo?i V;Quân;3;H;H??ng Khê;2977;5;;;;;;;;;;;
149;ch?a m? mã;Ch??ng trình phát tri?n ?ô th? th? tr?n H??ng Khê, huy?n H??ng Khê, t?nh Hà T?nh ??n n?m 2030;Quân;3;H;H??ng Khê;2977;5;;;;;;;;;;;
150;7457939;H? th?ng ?i?n chi?u sáng khu v?c Trung tâm hành chính huy?n L?c Hà và c?m dân c? d?c ???ng T?nh l? 9 (giai ?o?n 2);Phú;3;T;Th?ch Hà;2140;5;;;;;;;;;;;
151;7642070;H? t?ng nuôi tr?ng th?y s?n xã Mai Ph? và H? ??, huy?n L?c Hà;Phú;3;T;Th?ch Hà;2140;5;;;;;;;;;;;
152;7398566;Kè bi?n ch?ng xâm th?c huy?n L?c Hà ?o?n t? K3+00 - K11+105 thu?c ??a bàn xã Th?ch B?ng và Th?nh L?c huy?n L?c Hà, t?nh Hà T?nh;Phú;3;T;Th?ch Hà;2140;5;;;;;;;;;;;
153;7145963;C?ng c?, nâng c?p ?ê T? nghèn huy?n L?c Hà ?o?n k16+300 - k26+00;Phú;3;T;Th?ch Hà;2140;5;;;;;;;;;;;
154;ch?a m? mã;???ng k?t n?i t? qu?c l? 8C vào khu th??ng m?i, d?ch v?, du l?ch và th? thao phía Tây Nam huy?n Th?ch Hà;Tâm;3;H;Th?ch Hà;2140;5;;;;;;;;;;;
155;8119946;???ng giao thông liên xã Mai Ph? - H? ?? (d? án thành ph?n 2);Phú;3;H;Th?ch Hà;2140;5;;;;;;;;;;;
156;8113066;Nâng c?p, s?a ch?a kênh t??i chính tr?m b?m ??u c?u xã H?ng L?c;Phú;3;H;Th?ch Hà;2140;6;;;;;;;;;;;
157;8113063;D? án Xây d?ng Nhà ?a n?ng và các h?ng m?c ph? tr? Tr??ng THCS Bình An Th?nh;Phú;3;H;Th?ch Hà;2140;6;;;;;;;;;;;
158;8128254;Nâng c?p tuy?n ???ng t? nhà ông Dung - Ch? Chi?u (t? thôn Tri Khê ??n thôn V?n ?ò) xã Th?ch S?n;??i;3;H;Th?ch Hà;2140;5;;;;;;;;;;;
159;8095526;Nhà h?c 02 t?ng 6 phòng Tr??ng m?m non Vi?t Xuyên, xã Vi?t Ti?n;Phú;3;H;Th?ch Hà;2140;5;;;;;;;;;;;
160;7758813;H? t?ng ??u giá ??t khu v?c trung tâm hành chính huy?n L?c Hà;Phú;3;H;Th?ch Hà;2140;6;;;;;;;;;;;
161;7897531;Xây d?ng ???ng n?i vùng khu trung tâm hành chính giai ?o?n 3;Phú;3;H;Th?ch Hà;2140;5;;;;;;;;;;;
162;7859084;X? lý s?t l? b? sông Ngàn Sâu ?o?n qua xã L?c Yên, huy?n H??ng Khê;Quân;3;T;H??ng Khê;2140;5;;;;;;;;;;;
163;7578674;X? lý ô nhi?m môi tr??ng do rác th?i sinh ho?t trên ??a bàn huy?n H??ng Khê t?i xã H??ng Thu?, huy?n H??ng Khê;Quân;3;H;H??ng Khê;2140;5;;;;;;;;;;;
164;8080491;Nâng c?p ???ng GTNT xã Phúc Tr?ch (Tuy?n ???ng tr?c xã TX01);??c;3;H;H??ng Khê;2140;5;;;;;;;;;;;
165;8018893;???ng GTNT k?t h?p phát tri?n kinh t? trang tr?i xã H??ng Long;??c;3;H;H??ng Khê;2140;5;;;;;;;;;;;
166;8018895;Nâng c?p ???ng giao thông n?i th?, th? tr?n H??ng Khê;Quân;3;H;H??ng Khê;2140;4;;;;;;;;;;;
167;8018894;???ng GTNT thôn 6, 7 xã H??ng Giang;Quân;3;H;H??ng Khê;2140;4;;;;;;;;;;;
168;8096032;Nhà h?c b? môn 02 t?ng tr??ng Ti?u h?c Gia Ph?;Quân;3;H;H??ng Khê;2140;4;;;;;;;;;;;
169;8108811;Kh?c ph?c, s?a ch?a công trình ??p Hà Thông, xã H??ng Xuân;??c;3;H;H??ng Khê;2140;5;;;;;;;;;;;
170;8096031;Kh?i nhà hành chính qu?n tr? k?t h?p kh?i ph? tr?, h? tr? h?c t?p tr??ng ti?u h?c H??ng Bình;??c;3;H;H??ng Khê;2140;5;;;;;;;;;;;
171;8096028;Kh?i phòng h?c t?p 03 t?ng Tr??ng Ti?u h?c Phúc ??ng;Quân;3;H;H??ng Khê;2140;4;;;;;;;;;;;
172;7999327;Nâng c?p ???ng huy?n l? 9 (?H.94), huy?n H??ng Khê;??c;3;H;H??ng Khê;2140;5;;;;;;;;;;;
173;7999326;???ng giao thông huy?n l? 11 (?H.96) ?o?n qua xã H??ng ?ô, Phúc Tr?ch, huy?n H??ng Khê;Quân;3;H;H??ng Khê;2140;4;;;;;;;;;;;
174;7947546;Nhà h?c 03 t?ng 12 phòng và c?i t?o 03 dãy nhà 2 t?ng 10 phòng Tr??ng THCS Chu V?n An;Quân;3;H;H??ng Khê;2140;4;;;;;;;;;;;
175;7947545;Nhà h?c b? môn 03 t?ng Tr??ng THCS Chu V?n An;Quân;3;H;H??ng Khê;2140;4;;;;;;;;;;;
176;7999330;Sân v?n ??ng huy?n t?i xã H??ng Long;Quân;3;H;H??ng Khê;2140;5;;;;;;;;;;;
177;7916328;Công viên cây xanh k?t h?p qu?ng tr??ng trung tâm huy?n H??ng Khê;Quân;3;H;H??ng Khê;2140;5;;;;;;;;;;;
178;8080485;Nâng c?p, c?i t?o nhà bi?u di?n và m?t s? h?ng m?c ph? tr? Trung tâm V?n hóa-Truy?n thông huy?n H??ng Khê;Quân;3;H;H??ng Khê;2140;5;;;;;;;;;;;
179;7921705;Nâng c?p, c?i t?o Ti?u h?c, M?m non H??ng Thu?;Quân;3;H;H??ng Khê;2140;5;;;;;;;;;;;
180;8095708;Nâng c?p, tu s?a c?u Tu b? 3, xã H??ng Lâm;Quân;3;H;H??ng Khê;2140;5;;;;;;;;;;;
181;7999328;???ng giao thông huy?n l? 3 (?H.88) ?o?n qua xã ?i?n M?, huy?n H??ng Khê;Quân;3;H;H??ng Khê;2140;5;;;;;;;;;;;
182;7913873;Tr?ng cây xanh h? t?ng k? thu?t trên tuy?n ???ng H? Chí Minh và tuy?n ???ng QL15 ?o?n qua huy?n H??ng Khê n?m 2021;Quân;3;H;H??ng Khê;2140;4;;;;;;;;;;;
183;8158921;?? án ?i?u ch?nh QHCT Xây d?ng công viên v?n hóa Lý T? Tr?ng, t? l? 1/500;Phú;3;H;Th?ch Hà;2977;5;;;;;;;;;;;
184;1100782;Quy ho?ch phân khu xây d?ng Khu v?c nút giao thông Qu?c l? 1 ?o?n tránh thành ph? Hà T?nh t?i xã Th?ch Long, huy?n Th?ch Hà, t? l? 1/2.000;Phú;3;H;Th?ch Hà;2977;5;;;;;;;;;;;
185;7899078;L?p Quy ho?ch s? d?ng ??t giai ?o?n 2021-2030 huy?n Th?ch Hà;Phú;3;H;Th?ch Hà;2977;5;;;;;;;;;;;
186;8047759;"Quy ho?ch phân khu xây d?ng khu du l?ch bi?n huy?n L?c Hà; t? l? 1/2000";Phú;3;H;Th?ch Hà;2977;5;;;;;;;;;;;
187;ch?a m? mã;C?ng c?, nâng c?p ?ê T? Nghèn ?o?n K26-K35+700 huy?n L?c Hà, t?nh Hà T?nh;Phú;3;T;Th?ch Hà;3026;5;;;;;;;;;;;
188;7799577;Nâng c?p m? r?ng tuy?n ???ng t? Th?ch Kênh ??n H?ng L?c;Phú;3;T;Th?ch Hà;2140;5;;;;;;;;;;;
189;ch?a m? mã;Nhà công v? t?i xã H??ng Tr?ch;Quân;3;H;H??ng Khê;3026;5;;;;;;;;;;;
190;7213959;C?p n??c s?ch H??ng Khê t?nh Hà T?nh;Quân;3;H;H??ng Khê;3455;5;;;;;;;;;;;
191;8120248;D? án Nhà ?a ch?c n?ng và các h?ng m?c ph? tr? Tr??ng THPT Nguy?n Th? Minh Khai, huy?n ??c Th?;Huân;1;T;??c Th?;2140;6;;;;;;;;;;;
192;8140327;Nhà ?a n?ng Tr??ng ti?u h?c Quang V?nh;Huân;1;H;??c Th?;2140;6;;;;;;;;;;;
193;7003116;???ng giao thông t? C?u Treo Ch? B?ng ??n Th? tr?n V? Quang, huy?n V? Quang;Thu?n;1;T;V? Quang;2140;6;;;;;;;;;;;
194;8154171;Xây d?ng nhà sinh ho?t c?ng ??ng k?t h?p tránh l? thôn 5 xã Ân Phú;Thu?n;1;H;V? Quang;2140;6;;;;;;;;;;;
195;8154170;H?ng m?c ph? tr? khu x? lý rác th?i c?a huy?n;Thu?n;1;H;V? Quang;2140;6;;;;;;;;;;;
196;8049087;Nâng c?p ???ng tránh l? ??c L?nh- Ân Giang- ??c Giang, huy?n V? quang;Thu?n;1;H;V? Quang;2140;6;;;;;;;;;;;
197;8117230;Nhà h?c b? môn 02 t?ng 8 phòng và các h?ng m?c ph? tr? tr??ng Ti?u h?c ??c L?nh;Thu?n;1;H;V? Quang;2140;6;;;;;;;;;;;
198;8121502;Xây d?ng c?u N?p H?p ??c Liên;Thu?n;1;H;V? Quang;2140;6;;;;;;;;;;;
199;XHH1;Nhà ?a ch?c n?ng 02 t?ng 6 phòng Tr??ng M?m non ??c B?ng, huy?n V? Quang;Thu?n;1;H;V? Quang;2140;6;;;;;;;;;;;
200;7729914;Chu?n b? d? án h? t?ng c? b?n cho phát tri?n toàn di?n t?nh Hà T?nh;H??ng Giang;1;T;Dân d?ng;DDCN;6;;;;;;;;;;;
201;8103928;T? v?n kh?o sát ??a hình, l?p ?i?u ch?nh quy ho?ch chung th? tr?n V? Quang, huy?n V? Quang ??n n?m 2040 và l?y ý ki?n c?ng ??ng;Thu?n;1;H;V? Quang;2977;6;;;;;;;;;;;
202;7938719;Nâng c?p tuy?n ???ng ?H.131 Th?ch Bình - C?m Th?ng;Nam;2;H;C?m Xuyên;2140;6;;;;;;;;;;;
203;7909582;???ng d?c b? kè Sông H?i, th? tr?n C?m Xuyên và các tuy?n nhánh;Nam;2;H;C?m Xuyên;2140;6;;;;;;;;;;;
204;7956306;???ng vành ?ai, th? tr?n C?m Xuyên (?o?n t? QL8C-QL1A);Nam;2;H;C?m Xuyên;2140;6;;;;;;;;;;;
205;8064110;Nhà h?c ch?c n?ng 02 t?ng Tr??ng M?m non C?m Quan;Nam;2;H;C?m Xuyên;2140;6;;;;;;;;;;;
206;8062395;Nhà h?c b? môn 03 t?ng 9 phòng Tr??ng THCS C?m D??ng;Nam;2;H;C?m Xuyên;2140;6;;;;;;;;;;;
207;7498862;???ng Xô Vi?t kéo dài th? tr?n Nghèn;H??ng;2;#N/A;Can L?c;2140;6;;;;;;;;;;;
208;8121078;Xây d?ng pano qu?ng cáo t?i ???ng Nguy?n Huy T? và c?i t?o h?i tr??ng l?n UBND huy?n Can L?c;H??ng;2;H;Can L?c;2140;6;;;;;;;;;;;
209;8074220;H? th?ng cây xanh tuy?n ???ng vào chùa H??ng, xã Thiên L?c, huy?n Can L?c (tr?ng b? sung).;H??ng;2;H;Can L?c;2140;6;;;;;;;;;;;
210;8120805;Ch?nh trang cây xanh khuôn viên UBND huy?n Can L?c.;H??ng;2;H;Can L?c;2140;6;;;;;;;;;;;
211;8000730;Xây d?ng nhà ch?c n?ng 3 t?ng và nhà ?a n?ng Tr??ng THCS Xuân Di?u, huy?n Can L?c;H??ng;2;H;Can L?c;2140;6;;;;;;;;;;;
212;7900747;???ng giao thông nông thôn xã m? L?c;H??ng;2;H;Can L?c;2140;6;;;;;;;;;;;
213;7371219;S?a ch?a, nâng c?p H? th?ng thu? l?i Bà Nái huy?n Can L?c;H??ng;2;T;Can L?c;2140;6;;;;;;;;;;;
214;8100176;Xây d?ng b? b?i và các h?ng m?c ph? tr? tr??ng THCS Phan Huy Chú;Phú;3;H;Th?ch Hà;2140;6;;;;;;;;;;;
215;7603835;H? t?ng ??u giá huy?n L?c Hà 2016;Phú;3;H;Th?ch Hà;2140;6;;;;;;;;;;;
216;8096034;Kh?i hành chính qu?n tr? k?t h?p ph? tr? h?c t?p Tr??ng THCS Chu V?n An;Quân;3;H;H??ng Khê;2140;6;;;;;;;;;;;
217;7799576;Trung tâm v?n hóa truy?n thông huy?n L?c Hà;Phú;3;T;Th?ch Hà;2140;6;;;;;;;;;;;
218;7331691;Trung tâm d?y ngh? - h??ng nghi?p và giáo d?c th??ng xuyên huy?n L?c Hà;Phú;3;T;Th?ch Hà;2140;6;;;;;;;;;;;
219;7191688;H? ch?a n??c Khe Giao thu?c H? th?ng th?y l?i Khe Giao, huy?n Th?ch Hà, t?nh Hà T?nh;Phú;3;T;Th?ch Hà;2140;6;;;;;;;;;;;
220;8113064;D? án Xây d?ng nhà h?c 3 t?ng 19 phòng và các h?ng m?c ph? tr? Tr??ng ti?u h?c Th?ch Kim;Phú;3;H;Th?ch Hà;2140;6;;;;;;;;;;;
221;8111569;D? án Xây d?ng kênh t??i, tiêu úng Khe Qu?, C?n Xóc xã Th?nh L?c, huy?n L?c Hà;Phú;3;H;Th?ch Hà;2140;6;;;;;;;;;;;
222;7892599;Xây d?ng h? th?ng thoát n??c th?i xã Th?ch Kim, huy?n L?c Hà;Phú;3;H;Th?ch Hà;2140;6;;;;;;;;;;;
223;8119945;D? án Nâng c?p m? r?ng ???ng giao thông liên xã Th?ch Châu - Th? tr?n L?c Hà, huy?n L?c Hà;Phú;3;H;Th?ch Hà;2140;6;;;;;;;;;;;
224;7908086;Xây d??ng hê? thô?ng kênh m??ng t???i, tiêu xa? I?ch Hâ?u;Phú;3;H;Th?ch Hà;2140;6;;;;;;;;;;;
225;7568910;Nhà máy n??c và H? th?ng c?p n??c s?ch cho Nhân dân th? tr?n H??ng Khê và 8 xã vùng ph? c?n thu?c huy?n H??ng Khê;Quân;3;T;H??ng Khê;2140;6;;;;;;;;;;;
226;7787922;Ba?o tô?n, nhân giô?ng va? pha?t triê?n b???i Phu?c Tra?ch, giai ?oa?n 2016-2020, huyê?n H??ng Khê;Quân;3;T;H??ng Khê;2140;6;;;;;;;;;;;
227;8078745;Kh?c ph?c s?t l? b? sông Ngàn Sâu ?o?n qua thôn 2 và thôn 5 xã Hà Linh;Quân;3;T;H??ng Khê;2140;6;;;;;;;;;;;
228;8078746;Kh?c ph?c s?a ch?a ??p T?t xã Hòa H?i;Quân;3;T;H??ng Khê;2140;5;;;;;;;;;;;
229;7741572;Kè ch?ng s?t l? b? sông Ngàn Sâu, ?o?n qua xã Gia Ph?, huy?n H??ng Khê;Quân;3;T;H??ng Khê;2140;6;;;;;;;;;;;
230;7875138;X? lý s?t l? b? sông Ngàn Sâu, ?o?n qua các xã: H??ng Tr?ch, H??ng ?ô, huyê?n H??ng Khê;Quân;3;T;H??ng Khê;2140;6;;;;;;;;;;;
231;XHH2;Nhà ?a n?ng Tr??ng THPT Phúc Tr?ch, huy?n H??ng Khê;Quân;3;H;H??ng Khê;2140;6;;;;;;;;;;;
232;8018896;???ng GTNT thôn 3, 4, 7 và c?u ??ng B?t thôn 5 xã H??ng Lâm;Quân;3;H;H??ng Khê;2140;6;;;;;;;;;;;
233;8159272;Kh?i nhà hành chính qu?n tr? k?t h?p phòng h?c b? môn 3 t?ng tr??ng Ti?u h?c L?c Yên;Quân;3;H;H??ng Khê;2140;6;;;;;;;;;;;
234;7999322;Nâng c?p, c?i t?o TH H??ng Lâm;Quân;3;H;H??ng Khê;2140;6;;;;;;;;;;;
235;8026957;Kè ch?ng s?t l? b? sông Tiêm ?o?n qua xã H??ng Xuân;Quân;3;H;H??ng Khê;2140;7;;;;;;;;;;;
236;8002570;Nhà làm vi?c 02 t?ng và các h?ng m?c ph? tr? UBND xã H??ng Lâm;Quân;3;H;H??ng Khê;2140;6;;;;;;;;;;;
237;7902752;Nhà hành chính qu?n tr? 2 t?ng tr??ng Ti?u h?c Hà Linh;Quân;3;H;H??ng Khê;2140;6;;;;;;;;;;;
238;7990459;Nâng c?p, c?i t?o THCS Ph??ng ?i?n;Quân;3;H;H??ng Khê;2140;6;;;;;;;;;;;
239;7914473;???ng GTNT xóm 4, 5 xã H??ng Th?y;Quân;3;H;H??ng Khê;2140;6;;;;;;;;;;;
240;7903685;S?a ch?a, nâng c?p ???ng GTNT thôn V?nh ??i, xã Quang V?nh;Huân;1;T;??c Th?;2140;7;;;;;;;;;;;
241;7941296;D? án ???ng n?i Qu?c l? 8A - C?m công nghi?p Thái Yên - Qu?c l? 15A, huy?n ??c Th?;Huân;1;T;??c Th?;2140;7;;;;;;;;;;;
242;7953262;D? án ???ng huy?n l? ?H56 ?o?n qua xã Hòa L?c, huy?n ??c Th?;Huân;1;T;??c Th?;2140;7;;;;;;;;;;;
243;7995822;D? án Nâng c?p h? th?ng m??ng th?y l?i ??p Am, xã ??c ??ng, huy?n ??c Th?;Huân;1;H;??c Th?;2140;7;;;;;;;;;;;
244;8035279;D? án Nâng c?p ???ng giao thông thôn Châu Diên, xã Tùng Châu;Huân;1;H;??c Th?;2140;7;;;;;;;;;;;
245;7845551;D? án ???ng Tr?c xã 04 (TX04) ?o?n qua xã ??c An, huy?n ??c Th?;Huân;1;H;??c Th?;2140;7;;;;;;;;;;;
246;7845548;D? án ???ng Tr?c xã 03 (TX03) ?o?n qua xã ??c Long;Huân;1;H;??c Th?;2140;7;;;;;;;;;;;
247;7894922;D? án ???ng giao thông nông thôn thôn ??i Ngh?a - thôn Hùng D?ng, xã ??c Yên;Huân;1;H;??c Th?;2140;7;;;;;;;;;;;
248;7954641;D? án Nâng c?p ???ng vào và khuôn viên tr??c c?ng Ngh?a trang li?t s? huy?n ??c Th?;Huân;1;H;??c Th?;2140;7;;;;;;;;;;;
249;8161151;D? án Nhà v?n hóa c?ng ??ng k?t h?p tránh, trú bão, l?t thôn Th? Hòa, xã Hòa L?c, huy?n ??c Th?;Huân;1;H;??c Th?;2140;7;;;;;;;;;;;
250;7719105;D? án Nâng c?p tuy?n ???ng liên xã Tùng ?nh - Th? tr?n (HL09);Huân;1;H;??c Th?;2140;7;;;;;;;;;;;
251;7746751;D? án ???ng giao thông xã ??c Th?y - Thái Yên;Huân;1;H;??c Th?;2140;7;;;;;;;;;;;
252;7683783;D? án ???ng liên xa? ???c An - Tân H??ng, huyê?n ???c Tho?;Huân;1;H;??c Th?;2140;7;;;;;;;;;;;
253;7756283;D? án ???ng và kênh tiêu úng xã ??c Lâm;Huân;1;H;??c Th?;2140;7;;;;;;;;;;;
254;7744993;D? án ???ng giao thông xã ??c Yên;Huân;1;H;??c Th?;2140;7;;;;;;;;;;;
255;7744995;D? án ???ng liên xã ??c ??ng - ??c L?c;Huân;1;H;??c Th?;2140;7;;;;;;;;;;;
256;7754505;D? án ???ng giao thông xã ??c D?ng;Huân;1;H;??c Th?;2140;7;;;;;;;;;;;
257;7763715;D? án ???ng giao thông xã ??c Lâm n?i ???ng ?i trung tâm xã ??c L?p và Qu?c l? 8A;Huân;1;H;??c Th?;2140;7;;;;;;;;;;;
258;7746750;D? án ???ng giao thông liên xã ??c La - ??c Quang;Huân;1;H;??c Th?;2140;7;;;;;;;;;;;
259;7745315;D? án ???ng giao thông thôn Th?nh C??ng ?i trung tâm xã ??c Long;Huân;1;H;??c Th?;2140;7;;;;;;;;;;;
260;7693083;D? án C?u Nhà V?o và ???ng ngang k?t n?i c?u, kè ch?ng s?t l? th??ng h? l?u kênh T14 xã ??c An;Huân;1;H;??c Th?;2140;7;;;;;;;;;;;
261;7636876;D? án ???ng giao thông xã ??c Nhân;Huân;1;H;??c Th?;2140;7;;;;;;;;;;;
262;7753435;D? án C?i t?o, s?a ch?a Khu liên h?p th? thao Trung tâm v?n hóa huy?n ??c Th?;Huân;1;H;??c Th?;2140;7;;;;;;;;;;;
263;7687588;D? án Tr? s? làm vi?c xã ??c D?ng;Huân;1;H;??c Th?;2140;7;;;;;;;;;;;
264;7769276;D? án Tr??ng ti?u h?c ??c Thanh - H?ng m?c: Nhà hi?u b? 2 t?ng và nhà ?a ch?c n?ng;Huân;1;H;??c Th?;2140;7;;;;;;;;;;;
265;7681373;D? án ???ng giao thông nông thôn xã ??c Châu;Huân;1;H;??c Th?;2140;7;;;;;;;;;;;
266;7454867;D? án ????ng giao thông nông thôn xa? ???c Quang;Huân;1;H;??c Th?;2140;7;;;;;;;;;;;
267;7549922;D? án ???ng giao thông n?i th? th? tr?n ??c Th?;Huân;1;H;??c Th?;2140;7;;;;;;;;;;;
268;7691341;D? án Kênh m??ng tiêu úng xã ??c Long;Huân;1;H;??c Th?;2140;7;;;;;;;;;;;
269;7596419;D? án S?a ch?a, nâng c?p ??p ?á Tr?ng xã Tân H??ng, huy?n ??c Th?, t?nh Hà T?nh;Huân;1;H;??c Th?;2140;7;;;;;;;;;;;
270;7690169;D? án ????ng giao thông liên thôn xa? ???c Thanh;Huân;1;H;??c Th?;2140;7;;;;;;;;;;;
271;8161152;D? án Kênh tiêu úng xã ??c Nhân;Huân;1;H;??c Th?;2140;7;;;;;;;;;;;
272;7570530;D? án ???ng giao thông nông thôn xã ??c Lâm, huy?n ??c Th?;Huân;1;H;??c Th?;2140;7;;;;;;;;;;;
273;7719106;D? án ???ng tr?c chính xã Tân H??ng ?o?n qua thôn Tân Nhân;Huân;1;H;??c Th?;2140;7;;;;;;;;;;;
274;8094303; Kh?c ph?c s?t l? ???ng liên xã LX04 t? c?u H??ng ??i TDP3, th? tr?n V? Quang – Giao ???ng ?H.81 t?i thôn 1 xã Quang Th?;Thu?n;1;T;V? Quang;2140;7;;;;;;;;;;;
275;7472673;C?u Tr?y xã ??c L?nh;Thu?n;1;T;V? Quang;2140;7;;;;;;;;;;;
276;7299796; ???ng và m??ng thoát n??c phía Tây th? tr?n V? Quang;Thu?n;1;T;V? Quang;2140;7;;;;;;;;;;;
277;8154496;Nâng c?p ???ng GTNT ?o?n t? C?u Gãy ??n trung tâm xã Th? ?i?n;Thu?n;1;H;V? Quang;2140;7;;;;;;;;;;;
278;7569553;Nhà v?n hóa xóm 3 B?ng Giang xã ??c Giang, huy?n V? Quang, t?nh Hà T?nh;Thu?n;1;H;V? Quang;2140;7;;;;;;;;;;;
279;7581438;Nhà h?p ch?p hành tr?c tuy?n, huy?n V? Quang, t?nh Hà T?nh;Thu?n;1;H;V? Quang;2140;7;;;;;;;;;;;
280;7574135;???ng 135 t? t?nh l? 552 ??n ???ng IfaX (?o?n qua thôn 5 xã ??c B?ng);Thu?n;1;H;V? Quang;2140;7;;;;;;;;;;;
281;7573536;???ng tr?c thôn xóm 1 xóm 3 B?ng Giang xã ??c Giang;Thu?n;1;H;V? Quang;2140;7;;;;;;;;;;;
282;7581503;???ng vào khu s?n xu?t ch?n nuôi t?p trung khe Nác N?y xã S?n Th?, huy?n V? Quang (?o?n t? Km2+780,66 ??n Km3+399,11), t?nh Hà T?nh;Thu?n;1;H;V? Quang;2140;7;;;;;;;;;;;
283;7690166;Nhà v?n hóa t? dân ph? 6 th? tr?n V? Quang, huy?n V? Quang;Thu?n;1;H;V? Quang;2140;7;;;;;;;;;;;
284;7644739;S?a ch?a Tr? s? khôi dân huy?n V? Quang thu?c d? án kh?c ph?c thi?t h?i do m?a l? n?m 2016 trên ??a bàn huy?n V? Quang;Thu?n;1;H;V? Quang;2140;7;;;;;;;;;;;
285;7632187;Duy tu, s?a ch?a TTVH th? thao huy?n V? Quang;Thu?n;1;H;V? Quang;2140;7;;;;;;;;;;;
286;7713556;C?i t?o, s?a ch?a tr??ng THCS Phan ?ình Phùng, huy?n V? Quang;Thu?n;1;H;V? Quang;2140;7;;;;;;;;;;;
287;7635508;Nhà ?a ch?c n?ng Tr??ng ti?u h?c xã ??c B?ng, huy?n V? Quang;Thu?n;1;H;V? Quang;2140;7;;;;;;;;;;;
288;7656673;C?i t?o, s?a ch?a tr??ng ti?u h?c th? tr?n V? Quang, huy?n V? Quang;Thu?n;1;H;V? Quang;2140;7;;;;;;;;;;;
289;7689103;???ng GTNT H??ng Th? - H??ng ??i xã ??c H??ng huy?n V? Quang;Thu?n;1;H;V? Quang;2140;7;;;;;;;;;;;
290;7693205;S?a ch?a TTUD KHKT&BVCTVN huy?n V? Quang;Thu?n;1;H;V? Quang;2140;7;;;;;;;;;;;
291;7735056;???ng GT liên thôn 4 ?i thôn 8, xã ??c B?ng huy?n V? Quang;Thu?n;1;H;V? Quang;2140;7;;;;;;;;;;;
292;7897319;???ng giao thông liên thôn ??n Th??ng ?i Bình Quang, xã ??c Liên huy?n V? Quang;Thu?n;1;H;V? Quang;2140;7;;;;;;;;;;;
293;8161041;Nhà v?n hóa c?ng ??ng k?t h?p tránh bão, l? thôn 3, xã Ân Phú, huy?n V? Quang;Thu?n;1;H;V? Quang;2140;7;;;;;;;;;;;
294;8161042;Nhà v?n hoá c?ng ??ng k?t h?p tránh bão, l?, thôn 4, xã ??c B?ng, huy?n V? Quang;Thu?n;1;H;V? Quang;2140;7;;;;;;;;;;;
295;7587959;Nhà h?c b? môn 02 t?ng 06 phòng tr??ng THCS Liên H??ng;Thu?n;1;H;V? Quang;2140;7;;;;;;;;;;;
296;7839654;???ng GTNT thôn V?n Giang, thôn B?ng Giang, xã ??c Giang, huy?n V? Quang;Thu?n;1;H;V? Quang;2140;7;;;;;;;;;;;
297;7963997;S?a ch?a nâng c?p ??p Khe Xai xã H??ng Minh, huy?n V? Quang;Thu?n;1;H;V? Quang;2140;7;;;;;;;;;;;
298;8049085;Xây d?ng kênh m??ng n?i ??ng xã ??c Giang (tuy?n ??p H?p Tr? - Chân Giác thôn 2 V?n Giang);Thu?n;1;H;V? Quang;2140;7;;;;;;;;;;;
299;8073108;???ng GTNT NX25 thôn 4 TL552 ??n Bà Nga, xã ??c B?ng;Thu?n;1;H;V? Quang;2140;7;;;;;;;;;;;
300;7903373;H?i tr??ng xã Th? ?i?n, huy?n V? Quang;Thu?n;1;H;V? Quang;2140;7;;;;;;;;;;;
301;7639966;???ng t? c?u H??ng ??i ?i b?n thuy?n, th? tr?n V? Quang;Thu?n;1;H;V? Quang;2140;7;;;;;;;;;;;
302;8031816;Nâng c?p, c?i t?o v?a hè nút giao ngã 3 xã ??c B?ng Km64+500/QL.281 (giao gi?a QL.281 v?i ?T.552) huy?n V? Quang, t?nh Hà T?nh;Thu?n;1;H;V? Quang;2140;7;;;;;;;;;;;
303;7907143;Nhà ?a ch?c n?ng Tr??ng TH&THCS Quang Th?;Thu?n;1;H;V? Quang;2140;7;;;;;;;;;;;
304;7961149;???ng GTNT thôn Cao Phong, xã ??c L?nh huy?n V? Quang (Tuy?n Ch? Su- Tuy?n Ch? Ch??ng);Thu?n;1;H;V? Quang;2140;7;;;;;;;;;;;
305;7653980; H? th?ng ?i?n chi?u sáng và ?i?n trang trí trung tâm th? tr?n V? Quang, huy?n V? Quang;Thu?n;1;H;V? Quang;2140;7;;;;;;;;;;;
306;7651695;???ng liên thôn Liên Hòa Liên Châu xã ??c Liên huy?n V? Quang;Thu?n;1;H;V? Quang;2140;7;;;;;;;;;;;
307;7665809;Nâng c?p m? r?ng ???ng t? TT V? Quang ?i H??ng Th? (?o?n t? C?u H??ng ??i ??n Bãi Cùng);Thu?n;1;H;V? Quang;2140;7;;;;;;;;;;;
308;7666376;Nâng c?p ???ng t?nh l? 552 ?o?n qua th? tr?n V? Quang, huy?n V? Quang;Thu?n;1;H;V? Quang;2140;7;;;;;;;;;;;
309;7677988;Nâng c?p m? r?ng ???ng H??ng Th? - C?a Rào( ?o?n qua trung tâm hành chính xã H??ng Th?);Thu?n;1;H;V? Quang;2140;7;;;;;;;;;;;
310;7703413;C?u ??p B??m xã H??ng Th? huy?n V? Quang;Thu?n;1;H;V? Quang;2140;7;;;;;;;;;;;
311;7754557;C?i t?o nhà làm vi?c 03 t?ng UBND huy?n;Thu?n;1;H;V? Quang;2140;7;;;;;;;;;;;
312;7743782;Nhà h?c 02 t?ng 6 phòng Tr??ng ti?u h?c xã ??c L?nh huy?n V? Quang;Thu?n;1;H;V? Quang;2140;7;;;;;;;;;;;
313;7859913;C?i t?o nhà h?c b? môn, nhà h?i tr??ng, sân lát g?ch, m??ng thoát n??c tr??ng THPT V? Quang;Thu?n;1;H;V? Quang;2140;7;;;;;;;;;;;
314;7878420;Nhà t?p luy?n th? thao, Trung tâm v?n hóa - truy?n thông huy?n V? Quang;Thu?n;1;H;V? Quang;2140;7;;;;;;;;;;;
315;7541321;???ng GTNT xã ??c Giang;Thu?n;1;H;V? Quang;2140;7;;;;;;;;;;;
316;7597353;???ng giao thông n?i th? ?o?n qua t? dân ph? 2 ?i t? dân ph? 1 th? tr?n V? Quang, t?nh Hà T?nh;Thu?n;1;H;V? Quang;2140;7;;;;;;;;;;;
317;7575367;???ng tr?c chính xã ??c Giang huy?n V? Quang (?o?n t? Tr??ng THCS Ân Giang ??n C?ng Cho?ng) t?nh Hà T?nh;Thu?n;1;H;V? Quang;2140;7;;;;;;;;;;;
318;7692917;C?i t?o nhà làm vi?c 3 t?ng, Trung tâm hành chính công huy?n V? Quang;Thu?n;1;H;V? Quang;2140;7;;;;;;;;;;;
319;7899091;C?i t?a, s?a ch?a khuôn viên, c?ng, hàng rào Trung tâm GDTX huy?n V? Quang;Thu?n;1;H;V? Quang;2140;7;;;;;;;;;;;
320;7935136;???ng H??ng Phùng, H??ng Hòa, H??ng Tân, H??ng ??ng xã ??c H??ng, huy?n V? Quang;Thu?n;1;H;V? Quang;2140;7;;;;;;;;;;;
321;8072686;???ng GT thôn 7 NX57 ?H77 ??n Ngàn Tr??i xã ??c B?ng;Thu?n;1;H;V? Quang;2140;7;;;;;;;;;;;
322;7489424;???ng vào khu ch?n nuôi t?p trung xã H??ng Quang;Thu?n;1;H;V? Quang;2140;7;;;;;;;;;;;
323;7899092;Nhà h?c 02 t?ng 04 phòng và b?p tr??ng Mn xã ??c H??ng;Thu?n;1;H;V? Quang;2140;7;;;;;;;;;;;
324;7690165;Nhà v?n hóa t? dân ph? 5 th? tr?n V? Quang, huy?n V? Quang;Thu?n;1;H;V? Quang;2140;7;;;;;;;;;;;
325;7637127;Duy tu, s?a ch?a công trình HTKT kh?i 4 th? tr?n VQ huy?n V? Quang;Thu?n;1;H;V? Quang;2140;7;;;;;;;;;;;
326;7740276;"H? th?ng ?i?n chi?u sáng th? tr?n V? Quang, huy?n V? Quang (?o?n t? C?ng chào ?i?n t? ??n c?ng ?ài Truy?n hình; Nhánh vào Trung tâm chính tr? và ?ài t??ng ni?m)";Thu?n;1;H;V? Quang;2140;7;;;;;;;;;;;
327;8075396;S?a ch?a ??p N?y C?u xã ??c H??ng;Thu?n;1;H;V? Quang;2140;7;;;;;;;;;;;
328;8080502;Nhà t??ng ni?m li?t s? huy?n V? Quang, H?ng m?c: Hàng rào, kè ch?n ??t;Thu?n;1;H;V? Quang;2140;7;;;;;;;;;;;
329;8133134;Quy ho?ch chi ti?t xây d?ng C?m công nghi?p - ti?u th? công nghi?p t?p trung huy?n V? Quang, t? l? 1/500;Thu?n;1;H;V? Quang;2977;7;;;;;;;;;;;
330;7768527;C?u H?i, th? tr?n C?m Xuyên;Nam;2;T;C?m Xuyên;2140;7;;;;;;;;;;;
331;7346114;???ng vào trung tâm xã C?m Nam, huy?n C?m Xuyên;Nam;2;T;C?m Xuyên;2140;7;;;;;;;;;;;
332;7905535;Nâng c?p ???ng giao thông t? ???ng ?T548 ?i chùa H??ng Tích, huy?n Can L?c;H??ng;2;H;Can L?c;2140;7;;;;;;;;;;;
333;7651398;S?a ch?a, nâng c?p ngh?a trang li?t s? huy?n Can L?c;H??ng;2;H;Can L?c;2140;7;;;;;;;;;;;
334;7853689;Nâng c?p, m? r?ng ???ng giao thông liên xã Thanh L?c - Khánh V?nh yên;H??ng;2;H;Can L?c;2140;7;;;;;;;;;;;
335;8031594;Nhà h?c 3 t?ng tr??ng ti?u h?c M? L?c;H??ng;2;H;Can L?c;2140;7;;;;;;;;;;;
336;7771913; ???ng trung tâm th? tr?n Nghèn ?o?n t? QL 1a giao v?i ???ng Xuân Di?u (G? 2) ;H??ng;2;H;Can L?c;2140;7;;;;;;;;;;;
337;7887208;C?u Làng xã Khánh V?nh Yên;H??ng;2;H;Can L?c;2140;7;;;;;;;;;;;
338;7898767;???ng giao thông liên xã Trung L?c - Khánh V?nh Yên;H??ng;2;H;Can L?c;2140;7;;;;;;;;;;;
339;7882370;C?i t?o, nâng c?p nhà làm vi?c UBND huy?n;H??ng;2;H;Can L?c;2140;7;;;;;;;;;;;
340;7576610; ???ng liên thôn xóm Tài n?m - Tùng S?n và xóm Tân H??ng - Tây Vinh ;H??ng;2;H;Can L?c;2140;7;;;;;;;;;;;
341;7871377;Xây d?ng ki ?t bán hàng t?i chùa H??ng Tích, huy?n Can L?c;H??ng;2;H;Can L?c;2140;7;;;;;;;;;;;
342;7911734;Nâng c?p, m? r?ng ???ng tr?c chính t? thôn Phong S?n ??n C?m công nghi?p Yên Huy, xã Khánh V?nh Yên, huy?n Can L?c;H??ng;2;H;Can L?c;2140;7;;;;;;;;;;;
343;7924292;Kênh tiêu úng xã Tùng L?c;H??ng;2;H;Can L?c;2140;7;;;;;;;;;;;
344;7933045;S?a ch?a tuy?n ?ê H?u Nghèn t? K5+370 – K6+275. ;H??ng;2;H;Can L?c;2140;7;;;;;;;;;;;
345;8117709;???ng giao thông liên xã Khánh V?nh Yên – V??ng L?c, huy?n Can L?c;H??ng;2;H;Can L?c;2140;7;;;;;;;;;;;
346;8062096;Kênh tiêu úng phía nam th? tr?n Nghèn;H??ng;2;H;Can L?c;2140;7;;;;;;;;;;;
347;7930594;Nâng c?p, m? r?ng ???ng vào khu di tích làng K130 th? tr?n Nghèn, huy?n Can L?c;H??ng;2;H;Can L?c;2140;7;;;;;;;;;;;
348;7870765;Xây d?ng ph?n m?m thành ph?n, b? sung trang thi?t b? ph?c v? c?ng ?i?u hành n?i b? trên ??a bàn huy?n;H??ng;2;H;Can L?c;2140;7;;;;;;;;;;;
349;8131162;H? th?ng ?i?n trang trí d?i phân cách tuy?n ???ng QL1A ?i qua th? tr?n Nghèn, huy?n Can L?c.;H??ng;2;H;Can L?c;2140;7;;;;;;;;;;;
350;7881487;Nhà sinh ho?t c?ng ??ng thôn Minh V??ng xã V??ng L?c, huy?n Can L?c;H??ng;2;H;Can L?c;2578;7;;;;;;;;;;;
351;7881488;Nhà sinh ho?t c?ng ??ng thôn ??ng Kim xã Trung L?c, huy?n Can L?c;H??ng;2;H;Can L?c;2578;7;;;;;;;;;;;
352;8145036;Nâng c?p,s?a ch?a tuy?n ???ng huy?n ?H.37 n?m 2025, huy?n Can L?c;h??ng;2;H;Can L?c;3455;7;;;;;;;;;;;
353;8022641;???ng giao thông t? thôn Trung V?n ?i thôn B?c V?n, xã Th?ch V?n;Phú;3;H;Th?ch Hà;2140;7;;;;;;;;;;;
354;8025250;H? th?ng cây xanh tuy?n ???ng ?H.106 ?o?n t? ???ng tránh Qu?c l? 1A t?i xã Tân Lâm H??ng ??n T?nh l? 21;Phú;3;H;Th?ch Hà;2140;7;;;;;;;;;;;
355;8025249;H? th?ng cây xanh ???ng ?H.105 ?o?n t? c?u H?ng Quang, xã Vi?t Ti?n ??n thôn Song Hoành, xã L?u V?nh S?n;Phú;3;H;Th?ch Hà;2140;7;;;;;;;;;;;
356;8092881;Nhà ?a ch?c n?ng Tr??ng THCS Long S?n;Phú;3;H;Th?ch Hà;2140;7;;;;;;;;;;;
357;8095527;Nhà ?a ch?c n?ng Tr??ng ti?u h?c Th?ch S?n;Phú;3;H;Th?ch Hà;2140;7;;;;;;;;;;;
358;7768262;Tr?m bi?n áp 1000kVA- 22/04kV và h? th?ng ???ng dây t?i CCN Th?ch Kim;Phú;3;H;Th?ch Hà;2140;7;;;;;;;;;;;
359;7757924;X? lý m?t ?ê H?u Nghèn ?o?n t? K4+518,5 ??n K4+872, th? tr?n Th?ch Hà;Phú;3;H;Th?ch Hà;2140;7;;;;;;;;;;;
360;7960157;"Kh?i nhà khoa C?p c?u ch?ng ??c; khoa N?i t?ng h?p; khoa Y h?c c? truy?n - ph?c h?i ch?c n?ng; khoa D??c và các h?ng m?c ph? tr? Trung tâm Y t? huy?n Th?ch Hà";Phú;3;H;Th?ch Hà;2140;7;;;;;;;;;;;
361;7671682;H? t?ng k? thu?t khu dân c? nông thôn ph?c v? phòng, ch?ng ng?p l? cho nhân dân xã Ph??ng M?;Quân;3;#N/A;H??ng Khê;2140;7;;;;;;;;;;;
362;7744782;C?u Cây Tr?, xã Phú Gia, huy?n H??ng Khê;Quân;3;T;H??ng Khê;2140;7;;;;;;;;;;;
363;7766221;S?a ch?a, nâng c?p h? Thùng Tr?a, xã H??ng Tr?ch, huy?n H??ng Khê;Quân;3;T;H??ng Khê;2140;7;;;;;;;;;;;
364;7767761;???ng t? ???ng H? Chí Minh ?i Huy?n l? 1 ?o?n qua xã H??ng Long, huy?n H??ng Khê;Quân;3;T;H??ng Khê;2140;7;;;;;;;;;;;
365;7771915;Câ?u Ba?i Ha?t va? ????ng hai ?â?u câ?u, xa? Ho?a Ha?i, huyê?n H??ng Khê;Quân;3;T;H??ng Khê;2140;7;;;;;;;;;;;
366;7767760;C?u L?c Yên, huy?n H??ng Khê;Quân;3;T;H??ng Khê;2140;7;;;;;;;;;;;
367;7896298;S?a ch?a, nâng c?p tr??ng THCS Chu V?n An và tr??ng THCS Phúc Tr?ch;Quân;3;T;H??ng Khê;2140;7;;;;;;;;;;;
368;7896299;Khôi ph?c, nâng c?p Tr??ng Ti?u h?c H??ng Liên;Quân;3;T;H??ng Khê;2140;7;;;;;;;;;;;
369;7769284;C?u Hói ??a, c?u Ch?m Trèng và kh?c ph?c các v? trí h? h?ng c?c b? tuy?n ???ng liên xã 8 (Hà Linh-Ph??ng M?) huy?n H??ng Khê;Quân;3;T;H??ng Khê;2140;7;;;;;;;;;;;
370;7896300;Khôi ph?c, nâng c?p Tr??ng Ti?u h?c H??ng Th?y;Quân;3;T;H??ng Khê;2140;7;;;;;;;;;;;
371;7903057;Khôi ph?c ???ng giao thông xã H??ng Liên;Quân;3;T;H??ng Khê;2140;7;;;;;;;;;;;
372;7957356;Khôi ph?c ??p Khe Tra xã Phú Gia;Quân;3;T;H??ng Khê;2140;7;;;;;;;;;;;
373;7669984;???ng giao thông t? ???ng H? Chí Minh vào trung tâm xã H??ng Thu?;Quân;3;T;H??ng Khê;2140;7;;;;;;;;;;;
374;7704352;Khu x? lý ch?t th?i r?n t?i huy?n H??ng Khê;Quân;3;T;H??ng Khê;2140;7;;;;;;;;;;;
375;8053449;Nhà hành chính qu?n tr? 02 t?ng Tr??ng Ti?u h?c H??ng ?ô;Quân;3;H;H??ng Khê;2140;7;;;;;;;;;;;
376;8026958;H? th?ng c?p n??c ph?c v? khu x? lý ch?t th?i r?n t?i huy?n H??ng Khê;Quân;3;H;H??ng Khê;2140;7;;;;;;;;;;;
377;7990463;Nâng c?p ???ng huy?n l? 8 (?H93);Quân;3;H;H??ng Khê;2140;7;;;;;;;;;;;
378;8026949;Trung tâm giáo d?c ngh? nghi?p - giáo d?c th??ng xuyên;Quân;3;H;H??ng Khê;2140;7;;;;;;;;;;;
379;7990184;Nâng c?p, c?i t?o nhà làm vi?c 3 t?ng và h?ng m?c ph? tr? Trung tâm y t? huy?n;Quân;3;H;H??ng Khê;2140;7;;;;;;;;;;;
380;8025723;Nhà HCQT k?t h?p phòng ph?c v? h?c t?p Tr??ng M?m non H??ng Tr?ch ;Quân;3;H;H??ng Khê;2140;7;;;;;;;;;;;
381;7947025;Nhà h? tr? h?c t?p 2 t?ng THCS H??ng Lâm;Quân;3;H;H??ng Khê;2140;7;;;;;;;;;;;
382;7926124;???ng GTNT xóm 12,13 Hoà H?i;Quân;3;H;H??ng Khê;2140;7;;;;;;;;;;;
383;8025721;Nhà hành chính qu?n tr? Tr??ng Ti?u h?c Phúc Tr?ch;Quân;3;H;H??ng Khê;2140;7;;;;;;;;;;;
384;7947024;Nhà h?c 2 t?ng 6 phòng tr??ng THCS H??ng Trà;Quân;3;H;H??ng Khê;2140;7;;;;;;;;;;;
385;7999319;Nhà ph?c v? 3 t?ng 6 phòng Ti?u h?c H??ng ?ô;Quân;3;H;H??ng Khê;2140;7;;;;;;;;;;;
386;8025715;Nhà hành chính qu?n tr? k?t h?p phòng ph?c v? h?c t?p Tr??ng M?m non H??ng Trà;Quân;3;H;H??ng Khê;2140;7;;;;;;;;;;;
387;7990452;Nâng c?p, c?i t?o Trung tâm v?n hoá truy?n thông huy?n;Quân;3;H;H??ng Khê;2140;7;;;;;;;;;;;
388;7957799;C?i t?o tr? s? c? quan Huy?n ?y, UBND huy?n, tr? s? làm vi?c Trung tâm ?ng d?ng khoa h?c k? thu?t và B?o v? cây tr?ng, v?t nuôi huy?n;Quân;3;H;H??ng Khê;2140;7;;;;;;;;;;;
389;7835060;Nâng c?p, c?i t?o Trung tâm V?n hóa - Truy?n thông huy?n H??ng Khê;Quân;3;H;H??ng Khê;2140;7;;;;;;;;;;;
390;8066750;S?a ch?a, b?o d??ng Tr? s? làm vi?c Phòng Giáo d?c và ?ào t?o;Quân;3;H;H??ng Khê;2140;7;;;;;;;;;;;
391;7902768;Nhà h?c 2T8P Ti?u h?c xã h??ng thu?;Quân;3;H;H??ng Khê;2140;7;;;;;;;;;;;
392;8025714;Nhà HCQT k?t h?p phòng ph?c v? h?c t?p Tr??ng m?m non H??ng Giang;Quân;3;H;H??ng Khê;2140;7;;;;;;;;;;;
393;7890935;Nhà h?c 1 t?ng 4 phòng và các h?ng m?c ph? tr? Tr??ng M?m non H??ng Giang;Quân;3;H;H??ng Khê;2140;7;;;;;;;;;;;
394;8026950;S?a ch?a tr? s? làm vi?c Kh?i dân và nhà làm vi?c Phòng Tài nguyên & Môi tr??ng c?;Quân;3;H;H??ng Khê;2140;7;;;;;;;;;;;
395;7955257;Nâng c?p, c?i t?o Tr??ng TH H??ng Lâm (?i?m chính và chúc A) và tr??ng M?m non (?i?m thôn 10);Quân;3;H;H??ng Khê;2140;7;;;;;;;;;;;
396;8026956;Kh?i h? tr?, ph? tr? h?c t?p 2 t?ng Tr??ng M?m non H??ng V?nh;Quân;3;H;H??ng Khê;2140;7;;;;;;;;;;;
397;7946768;Nhà b? môn 2T4P THCS Hoà H?i;Quân;3;H;H??ng Khê;2140;7;;;;;;;;;;;
398;8026954;Kh?i phòng h?c và h? tr? h?c t?p 2 t?ng tr??ng M?m non H??ng Bình;Quân;3;H;H??ng Khê;2140;7;;;;;;;;;;;
399;8018890;Nâng c?p, c?i t?o tr??ng THCS và TH phúc ??ng;Quân;3;H;H??ng Khê;2140;7;;;;;;;;;;;
400;7959537;Kh?i phòng ph?c v? h?c t?p 2T6P Tr??ng Ti?u h?c Hà Linh (?i?m chính);Quân;3;H;H??ng Khê;2140;7;;;;;;;;;;;
401;7957358;Nhà v?n hoá xã ?i?n M?;Quân;3;H;H??ng Khê;2140;7;;;;;;;;;;;
402;7999320;Nhà h?c b? môn 3T9P ?i?m Truông Bát, Ti?u h?c Hà Linh;Quân;3;H;H??ng Khê;2140;7;;;;;;;;;;;
403;7957791;Nhà hành chính qu?n tr? k?t h?p phòng ph?c v? h?c t?p tr??ng m?m non ?i?n M? (?i?m chính);Quân;3;H;H??ng Khê;2140;7;;;;;;;;;;;
404;7990454;Nhà ch?c n?ng v?n hoá 2 t?ng xã Hà Linh;Quân;3;H;H??ng Khê;2140;7;;;;;;;;;;;
405;8026947;Nâng c?p, s?a ch?a ???ng ?H93 ?o?n H??ng V?nh ?i B?n Giàng 2 và ???ng ?H87 ?o?n qua xã H??ng Th?y, H??ng Giang;Quân;3;H;H??ng Khê;2140;7;;;;;;;;;;;
406;8018898;???ng GT t? ???ng HCM ?i khu x? lý ch?t th?i r?n huy?n ;Quân;3;H;H??ng Khê;2140;7;;;;;;;;;;;
407;8026955;Kh?i phòng h?c và h? tr? h?c t?p 2 t?ng Tr??ng M?m non H??ng Trà;Quân;3;H;H??ng Khê;2140;7;;;;;;;;;;;
408;8026951;Nhà h?c b? môn k?t h?p phòng ph? tr? h?c t?p 2 t?ng Tr??ng ti?u h?c Phúc Tr?ch ;Quân;3;H;H??ng Khê;2140;7;;;;;;;;;;;
409;7946116;Nhà hành chính qu?n tr? k?t h?p h?c t?p, Tr??ng ti?u h?c H??ng Lâm (?i?m Chúc A);Quân;3;H;H??ng Khê;2140;7;;;;;;;;;;;
410;7921704;Nâng c?p, c?i t?o tr??ng THCS H??ng Lâm;Quân;3;H;H??ng Khê;2140;7;;;;;;;;;;;
411;8025719;Kh?i phòng ph? tr? h?c t?p 2 t?ng THCS Hà Linh ;Quân;3;H;H??ng Khê;2140;7;;;;;;;;;;;
412;7896620;Nhà hành chính qu?n tr? 02 t?ng Tr??ng THCS Phú Gia;Quân;3;H;H??ng Khê;2140;7;;;;;;;;;;;
413;7964402;S?a ch?a, nâng c?p h? ch?a n??c Khe mui xã H??ng lâm;Quân;3;H;H??ng Khê;2140;7;;;;;;;;;;;
414;8018891;Nâng c?p c?i t?o m?m non Bông Sen;Quân;3;H;H??ng Khê;2140;7;;;;;;;;;;;
415;8025722;Kh?i phòng ph?c v? h?c t?p 3T6P Tr??ng Ti?u h?c ?i?n M?;Quân;3;H;H??ng Khê;2140;7;;;;;;;;;;;
416;7944312;???ng GTNT xóm Bình Giang xã H??ng Bình;Quân;3;H;H??ng Khê;2140;7;;;;;;;;;;;
417;7990474;Nhà x??ng th?c hành trung tâm giáo d?c ngh? nghi?p, giáo d?c th??ng xuyên huy?n H??ng Khê;Quân;3;H;H??ng Khê;2140;7;;;;;;;;;;;
418;7946769;Nhà h?c b? môn 02 t?ng 6 phòng Tr??ng Ti?u h?c H??ng Lâm (?i?m chính);Quân;3;H;H??ng Khê;2140;7;;;;;;;;;;;
419;8018897;C?u dân sinh t?i thôn 6,8,10 xã H??ng Lâm;Quân;3;H;H??ng Khê;2140;7;;;;;;;;;;;
420;8053445;C?u Khe trong, khe tu?n;Quân;3;H;H??ng Khê;2140;7;;;;;;;;;;;
421;8026952;Nhà HCQT k?t h?p phòng ph?c v? h?c t?p THCS H??ng Giang;Quân;3;H;H??ng Khê;2140;7;;;;;;;;;;;
422;8002571;???ng GTNT Hà Linh;Quân;3;H;H??ng Khê;2140;7;;;;;;;;;;;
423;7946767;Nhà HCQT 2 t?ng, TH Phúc ??ng;Quân;3;H;H??ng Khê;2140;7;;;;;;;;;;;
424;7999324;???ng GT huy?n l? 12 (?H97) ?o?n qua xã Gia Ph?;Quân;3;H;H??ng Khê;2140;7;;;;;;;;;;;
425;7990453;Nhà ch?c n?ng v?n hoá 02 t?ng xã H??ng Lâm;Quân;3;H;H??ng Khê;2140;7;;;;;;;;;;;
426;7946770;???ng giao thông t? c?u Ch? Hôm ??n khu h? t?ng tránh l? xã ?i?n M?;Quân;3;T;H??ng Khê;2140;7;;;;;;;;;;;
427;7942220;???ng GTNT xã H??ng Thu?;Quân;3;H;H??ng Khê;2140;7;;;;;;;;;;;
428;8025718;Nhà HCQT 2 t?ng THCS Ph??ng ?i?n;Quân;3;H;H??ng Khê;2140;7;;;;;;;;;;;
429;7842909;Nhà h?c b? môn 2 t?ng 6 phòng tr??ng THCS H??ng Trà;Quân;3;H;H??ng Khê;2140;7;;;;;;;;;;;
430;8156240;Nhà v?n hóa c?ng ??ng k?t h?p tránh bão, l? thôn Trung Th??ng, xã L?c Yên;Quân;3;H;H??ng Khê;2140;7;;;;;;;;;;;
431;7913871;Nhà hành chính qu?n tr? 02 t?ng Tr??ng THCS H??ng Tr?ch;Quân;3;H;H??ng Khê;2140;7;;;;;;;;;;;
432;7913872;Nhà ph?c v? h?c t?p 4 phòng 1 t?ng tr??ng Ti?u h?c H??ng Tr?ch (?i?m La Khê), huy?n H??ng Khê;Quân;3;H;H??ng Khê;2140;7;;;;;;;;;;;
433;7999321;Nâng c?p, c?i t?o Tr??ng m?m non H??ng Liên;Quân;3;H;H??ng Khê;2140;7;;;;;;;;;;;
434;7743739;Nâng c?p, s?a ch?a dãy nhà ti?p công dân, dãy nhà Thanh tra-Th?ng kê, dãy nhà lãnh ??o thu?c tr? s? C? quan UBND huy?n;Quân;3;H;H??ng Khê;2140;7;;;;;;;;;;;
435;7875149;C?i t?o nhà ?n, nhà b?p, nhà th? thao, phòng làm vi?c thu?c tr? s? UBND huy?n;Quân;3;H;H??ng Khê;2140;7;;;;;;;;;;;
436;7894470;Nâng c?p khuôn viên Trung tâm Hành chính công huy?n;Quân;3;H;H??ng Khê;2140;7;;;;;;;;;;;
437;7947026;Nhà h?c b? môn 03 t?ng Tr??ng THCS Phú Gia;Quân;3;H;H??ng Khê;2140;7;;;;;;;;;;;
438;7990451;Nâng c?p, c?i t?o Trung tâm giáo d?c ngh? nghi?p - Giáo d?c th??ng xuyên huy?n H??ng Khê;Quân;3;H;H??ng Khê;2140;7;;;;;;;;;;;
439;7573535;C?i t?o, nâng c?p H?i tr??ng l?n và Tr? s? làm vi?c UBND huy?n;Quân;3;H;H??ng Khê;2140;7;;;;;;;;;;;
440;7709956;Nâng c?p, c?i t?o Trung tâm hành chính công huy?n H??ng Khê;Quân;3;H;H??ng Khê;2140;7;;;;;;;;;;;
441;7946215;Nâng c?p ???ng giao thông vào trung tâm xã H??ng Long;Quân;3;H;H??ng Khê;2140;7;;;;;;;;;;;
442;7842905;Nhà hành chính qu?n tr? 2 t?ng - Tr??ng Ti?u h?c H??ng Giang;Quân;3;H;H??ng Khê;2140;7;;;;;;;;;;;
443;7842906;Nhà h?c b? môn 2 t?ng 6 phòng tr??ng M?m non H??ng Th?y;Quân;3;H;H??ng Khê;2140;7;;;;;;;;;;;
444;7910257;Nâng c?p, c?i t?o tr??ng THPT Gia Ph? c?;Quân;3;H;H??ng Khê;2140;7;;;;;;;;;;;
445;XHH3;Nhà v?n hóa c?ng ??ng k?t h?p tránh bão, l? thôn Trung H?i, xã Gia Ph?;Quân;3;H;H??ng Khê;2140;7;;;;;;;;;;;
446;7743738;Nhà h?c 2 t?ng 4 phòng Tr??ng M?m non xã H??ng V?nh, huy?n H??ng Khê;Quân;3;H;H??ng Khê;2140;7;;;;;;;;;;;
447;7842907;Nhà h?c b? môn 2 t?ng tr??ng THCS H??ng Lâm;Quân;3;H;H??ng Khê;2140;7;;;;;;;;;;;
448;7909982;Nhà hành chính qu?n tri 02 t?ng tr??ng TH H??ng Xuân;Quân;3;H;H??ng Khê;2140;7;;;;;;;;;;;
449;7902753;Nhà hành chính qu?n tr? 02 t?ng Tr??ng THCS H??ng Lâm;Quân;3;H;H??ng Khê;2140;7;;;;;;;;;;;
450;7951423;Nhà hành chính qu?n tr? k?t h?p phòng ph?c v? h?c t?p Tr??ng M?m non H??ng Lâm (?i?m chính);Quân;3;H;H??ng Khê;2140;7;;;;;;;;;;;
451;7951424;Nhà hành chính qu?n tr? Tr??ng Ti?u h?c xã H??ng Lâm (?i?m chính);Quân;3;H;H??ng Khê;2140;7;;;;;;;;;;;
452;7868259;S?a ch?a, nâng c?p tràn ??p Làng xã H??ng Bình;Quân;3;H;H??ng Khê;2140;7;;;;;;;;;;;
453;7889262;Nhà làm vi?c 02 t?ng Tr? s? UBND xã H??ng Bình;Quân;3;H;H??ng Khê;2140;7;;;;;;;;;;;
454;7894475;Nhà hành chính qu?n tr? k?t h?p phòng ph?c v? h?c t?p tr??ng M?m non Phúc ??ng;Quân;3;H;H??ng Khê;2140;7;;;;;;;;;;;
455;7900141;Nhà hành chính qu?n tr? 02 t?ng Tr??ng THCS Phúc ??ng;Quân;3;H;H??ng Khê;2140;7;;;;;;;;;;;
456;8129809;Nhà v?n hóa c?ng ??ng k?t h?p tránh bão, l? thôn Tân Th??ng, xã Hòa H?i;Quân;3;H;H??ng Khê;2140;7;;;;;;;;;;;
457;7914215;Nhà hành chính qu?n tr? k?t h?p ph?c v? h?c t?p 3 t?ng tr??ng Ti?u h?c Hòa H?i;Quân;3;H;H??ng Khê;2140;7;;;;;;;;;;;
458;7921874;???ng giao thông nông thôn xóm 5, xã Phúc ??ng;Quân;3;H;H??ng Khê;2140;7;;;;;;;;;;;
459;XHH5;Nhà v?n hóa c?ng ??ng k?t h?p tránh bão, l? thôn Tân Trung, xã Hoà H?i;Quân;3;H;H??ng Khê;2140;7;;;;;;;;;;;
460;7855994;Nhà v?n hóa xã Hà Linh, huy?n H??ng Khê;Quân;3;H;H??ng Khê;2140;7;;;;;;;;;;;
461;XHH6;Nhà v?n hóa c?ng ??ng k?t h?p tránh bão, l? thôn Trung Ti?n, xã ?i?n M?;Quân;3;H;H??ng Khê;2140;7;;;;;;;;;;;
462;7868258;S?a ch?a, nâng c?p ??p C?n H??ng, xã Hà Linh;Quân;3;H;H??ng Khê;2140;7;;;;;;;;;;;
463;XHH7;Nhà v?n hoá c?ng ??ng k?t h?p tránh bão, l? thôn 5 xã Hà Linh;Quân;3;H;H??ng Khê;2140;7;;;;;;;;;;;
464;8129807;Nhà h?c b? môn 02 t?ng tr??ng THCS xã Hà Linh huy?n H??ng Khê t?nh Hà T?nh;Quân;3;H;H??ng Khê;2140;7;;;;;;;;;;;
465;7801450;Tr???ng Tiê?u ho?c, tr???ng THCS ca?c xa?: H??ng Giang, H??ng Xuân, huyê?n H??ng Khê;Quân;3;H;H??ng Khê;2140;7;;;;;;;;;;;
466;7801459;Xây d??ng, nâng câ?p ca?c tuyê?n ????ng ngoa?i ha?ng ra?o ch?? Huyê?n;Quân;3;H;H??ng Khê;2140;7;;;;;;;;;;;
467;7896621;Nâng c?p, c?i t?o nhà v?n hóa xã Phúc ??ng và xây m?i phòng ch?c n?ng v?n hóa xã Phúc ??ng và L?c Yên;Quân;3;H;H??ng Khê;2140;7;;;;;;;;;;;
468;8025720;Kh?i ph?c v? h?c t?p 2 t?ng Tr??ng THCS Phúc Tr?ch;Quân;3;H;H??ng Khê;2140;7;;;;;;;;;;;
469;7906804;Kiên c? hoá tr??ng M?m non, tr??ng Ti?u h?c xã H??ng Long và xã Phú Gia;Quân;3;H;H??ng Khê;2140;7;;;;;;;;;;;
470;7795861;Ca?i ta?o, s??a ch??a tr???ng Mâ?m non Bông Sen Thi? trâ?n H??ng Khê;Quân;3;H;H??ng Khê;2140;7;;;;;;;;;;;
471;7810104;????ng va?o ca?c xa? Ha? Linh, H??ng Thu?y, H??ng Giang, Lô?c Yên, H??ng ?ô, Phu?c Tra?ch huyê?n H??ng Khê (?oa?n t?? km 15+642,72 ?ê?n km 25+252,86);Quân;3;T;H??ng Khê;3026;7;;;;;;;;;;;
472;8043918;Công trình Xây d?ng kênh tiêu V?nh Phong, Yên Th? xã H? ??;Phú;3;H;Th?ch Hà;3455;7;;;;;;;;;;;
473;7980684;D? án ??u t? xây m?i, nâng c?p, c?i t?o 19 Tr?m y t? xã, t?nh Hà T?nh;V? Giang;1;T;Dân d?ng;DDCN;8;;;;;;;;;;;
474;7292495;???ng vào trung tâm xã Trung L?, huy?n ??c Th?;Huân;1;H;??c Th?;3026;8;;;;;;;;;;;
475;7187999;Nâng c?p, m? r?ng ???ng T?nh l? 21;Phú;3;T;Th?ch Hà;2140;8;;;;;;;;;;;
476;7897322;Xây d?ng ???ng giao thông n?i vùng khu trung tâm hành chính huy?n L?c Hà (giai ?o?n 2);Phú;3;H;Th?ch Hà;2140;8;;;;;;;;;;;
477;7910838;????ng giao thông t?? Le Ve C??a Tre?m ?ê?n Vu?ng Cô?n Tr??a va? Ba?i ra?c xa? Hô?ng Lô?c;Phú;3;H;Th?ch Hà;2140;8;;;;;;;;;;;
478;7294340;Nâng c?p, c?i t?o tr? s? H?ND và UBND huy?n V? Quang;Thu?n;1;T;V? Quang;2578;9;;;;;;;;;;;
479;7440943;H? th?ng ?i?n vào khu ch?n nuôi t?p trung xã ??c B?ng huy?n V? Quang;Thu?n;1;H;V? Quang;2578;9;;;;;;;;;;;
480;7489421;H? th?ng ?i?n vào khu ch?n nuôi t?p trung xã ??c Giang, huy?n V? Quang;Thu?n;1;H;V? Quang;2578;9;;;;;;;;;;;
481;7440942;H? th?ng ?i?n vào khu ch?n nuôi t?p trung xã ??c H??ng huy?n V? Quang;Thu?n;1;H;V? Quang;2578;9;;;;;;;;;;;
482;XHH8;Nhà th? vi?n tiên ti?n, sân ch?i, bãi t?p và các h?ng m?c ph? tr? thu?c tr??ng ti?u h?c H??ng Minh, xã H??ng Minh, huy?n V? Quang, t?nh Hà T?nh;Thu?n;1;H;V? Quang;2578;9;;;;;;;;;;;
483;XHH9;Khu t?p th? giáo viên 1 t?ng, tr??ng trung h?c ph? thông Cù Huy C?n, huy?n V? Quang;Thu?n;1;H;V? Quang;2578;9;;;;;;;;;;;
484;8078085;D? án Kh?c ph?c s?t l? b? sông Ngàn Ph?, ?o?n qua xã Tr??ng S?n, huy?n ??c Th?;Huân;1;T;??c Th?;2140;9;;;;;;;;;;;
485;8071083;D? án ???ng Tr?c xã 01 xã Bùi La Nhân, huy?n ??c Th?;Huân;1;H;??c Th?;2140;9;;;;;;;;;;;
486;8114174;D? án C?i t?o, nâng c?p nhà v?n hóa, nhà làm vi?c 2 t?ng và các h?ng m?c ph? tr? Tr? s? H?ND - UBND huy?n ??c Th?;Huân;1;H;??c Th?;2140;9;;;;;;;;;;;
487;8027878;D? án Nâng c?p h? th?ng t??i tiêu Hói Tùng, xã Tùng Châu, huy?n ??c Th?;Huân;1;H;??c Th?;2140;9;;;;;;;;;;;
488;8094293;D? án Nhà v?n hóa c?ng ??ng k?t h?p tránh bão, l? thôn Lai ??ng, xã ??c ??ng, huy?n ??c Th?;Huân;1;H;??c Th?;2140;9;;;;;;;;;;;
489;8062894;D? án S?a ch?a, nâng c?p h? th?ng kênh m??ng ??p Tr?, xã ??c L?ng, huy?n ??c Th?;Huân;1;H;??c Th?;2140;9;;;;;;;;;;;
490;7980677;D? án ???ng giao thông t? dân ph? 3, 4 và t? dân ph? 8, th? tr?n ??c Th?, huy?n ??c Th?;Huân;1;H;??c Th?;2140;9;;;;;;;;;;;
491;7993038;"D? án Tr??ng THCS Lê Ninh, huy?n ??c Th? - H?ng m?c: Nhà h?c b? môn 2 t?ng 6 phòng; Nhà ?a n?ng; Khuôn viên tr??ng";Huân;1;H;??c Th?;2140;9;;;;;;;;;;;
492;8020026;D? án C?u Rào C?n và ???ng hai ??u c?u, xã Hòa L?c, huy?n ??c Th?;Huân;1;H;??c Th?;2140;9;;;;;;;;;;;
493;8018186;"D? án Tr??ng m?m non ??c D?ng, huy?n ??c Th?; H?ng m?c: Xây d?ng nhà h?c 2 t?ng 4 phòng";Huân;1;H;??c Th?;2140;9;;;;;;;;;;;
494;8131826;D? án Xây d?ng ?i?m check in t?i b?n Tam Soa, xã Tùng ?nh, huy?n ??c Th?;Huân;1;H;??c Th?;2140;9;;;;;;;;;;;
495;8071075;D? án C?u B?n L?, thôn ??ng V?nh, xã ??c ??ng, huy?n ??c Th?;Huân;1;H;??c Th?;2140;9;;;;;;;;;;;
496;8079695;D? án C?i t?o ???ng vào Khu di tích C? T?ng bí th? Tr?n Phú, xã Tùng ?nh, huy?n ??c Th?;Huân;1;H;??c Th?;2140;9;;;;;;;;;;;
497;7687589;D? án ???ng liên xã Trung L? - Bùi Xá huy?n ??c Th?;Huân;1;H;??c Th?;2140;9;;;;;;;;;;;
498;7626324;D? án ???ng giao thông xã ??c Thanh huy?n ??c Th?;Huân;1;H;??c Th?;2140;9;;;;;;;;;;;
499;8062923;D? án S?a ch?a, nâng c?p h? Bàu Quán, thôn ?ông Thái, xã Tùng ?nh, huy?n ??c Th?;Huân;1;H;??c Th?;2140;9;;;;;;;;;;;
500;7646339;D? án H?i tr??ng HDND - UBND huy?n ??c Th?;Huân;1;H;??c Th?;2140;9;;;;;;;;;;;
501;8094294;D? án Nhà v?n hóa c?ng ??ng k?t h?p tránh bão, l? thôn Yên C??ng, xã Hòa L?c, huy?n ??c Th?;Huân;1;H;??c Th?;2140;9;;;;;;;;;;;
502;8042564;D? án ???ng liên thôn Tr?i Tr?n - Yên C??ng, xã Hòa L?c;Huân;1;H;??c Th?;2140;9;;;;;;;;;;;
503;7648113;D? án H?i tr??ng kh?i dân huy?n ??c Th?;Huân;1;H;??c Th?;2140;9;;;;;;;;;;;
504;8072345;D? án ???ng giao thông xã Yên H?, huy?n ??c Th? (tr?c xã 09);Huân;1;H;??c Th?;2140;9;;;;;;;;;;;
505;8064111;D? án C?u Kênh s? 1, xã Tùng ?nh, huy?n ??c Th?;Huân;1;H;??c Th?;2140;9;;;;;;;;;;;
506;7425552;D? án Kh?c ph?c, s?a ch?a H? ch?a n??c Ao Sen, xã ??c L?p, huy?n ??c Th?, t?nh Hà T?nh;Huân;1;H;??c Th?;2140;9;;;;;;;;;;;
507;7944138;D? án Kênh tiêu úng th? tr?n ??c Th?, huy?n ??c Th?;Huân;1;H;??c Th?;2140;9;;;;;;;;;;;
508;8088008;D? án B? b?i ph?c v? thi ??u th? d?c th? thao các tr??ng h?c - Tr??ng ti?u h?c ??c Yên, th? tr?n ??c Th?, huy?n ??c Th?;Huân;1;H;??c Th?;2140;9;;;;;;;;;;;
509;8053437;D? án C?i t?o Nhà ?n, Nhà t?p luy?n th? thao và các công trình ph? tr? Tr? s? ?y ban nhân dân huy?n ??c Th?;Huân;1;H;??c Th?;2140;9;;;;;;;;;;;
510;8062891;D? án ???ng giao thông xã Tr??ng S?n, huy?n ??c Th? (tr?c xã 21);Huân;1;H;??c Th?;2140;9;;;;;;;;;;;
511;8050829;D? án C?i t?o, nâng c?p Trung tâm hành chính công huy?n ??c Th?;Huân;1;H;??c Th?;2140;9;;;;;;;;;;;
512;8097448;D? án Kh?i phòng h?c, phòng ch?c n?ng 2 t?ng tr??ng m?m non Tùng Châu, xã Tùng Châu, huy?n ??c Th?;Huân;1;H;??c Th?;2140;9;;;;;;;;;;;
513;8042563;D? án ???ng giao thông tr?c chính thôn Ninh Thái, xã Tr??ng S?n;Huân;1;H;??c Th?;2140;9;;;;;;;;;;;
514;8059061;Kh?i phòng h?c ch?c n?ng và h? tr? h?c t?p 02 t?ng 06 phòng, tr??ng ti?u h?c Quang V?nh, xã Quang V?nh, huy?n ??c Th?;Huân;1;H;??c Th?;2140;9;;;;;;;;;;;
515;8050830;D? án C?i t?o, nâng c?p ngh?a trang li?t s? huy?n ??c Th? - H?ng m?c: C?i t?o nhà ?i?u hành, h? th?ng ?i?n khu bia, làm nhà v? sinh và h? th?ng c?p n??c;Huân;1;H;??c Th?;2140;9;;;;;;;;;;;
516;8079694;D? án Ch?nh trang, nâng c?p c? s? h? t?ng các tuy?n ???ng tr?c chính trung tâm huy?n ??c Th?;Huân;1;H;??c Th?;2140;9;;;;;;;;;;;
517;8050828;D? án S?a ch?a, nâng c?p h? th?ng chi?u sáng công c?ng b?ng ?èn Led trên ??a bàn huy?n ??c Th?;Huân;1;H;??c Th?;2140;9;;;;;;;;;;;
518;8071077;D? án Nâng c?p tuy?n ???ng huy?n ?H53, huy?n ??c Th? (?o?n t? QL15 ??n ???ng s?t xã Liên Minh);Huân;1;H;??c Th?;2140;9;;;;;;;;;;;
519;8071080;D? án ???ng tr?c xã 30 (TX30) ?o?n qua xã Tân Dân, huy?n ??c Th?;Huân;1;H;??c Th?;2140;9;;;;;;;;;;;
520;7845552;D? án Xây d?ng các tr??ng h?c do qu? Thi?n Tâm - T?p ?oàn Vingroup tài tr? trên ??a bàn huy?n ??c Th?. HM: Nhà h?c 2 t?ng 6 phòng tr??ng MN Liên Minh xã Liên Minh và nhà h?c 2 t?ng 4 phòng tr??ng MN Tr??ng S?n xã Tr??ng S?n, huy?n ??c Th?;Huân;1;H;??c Th?;2140;9;;;;;;;;;;;
521;8076773;D? án ???ng giao thông t? dân ph? ??i L?i và t? dân ph? 7, th? tr?n ??c Th?;Huân;1;H;??c Th?;2140;9;;;;;;;;;;;
522;8019139;D? án C?i t?o, nâng c?p khuôn viên tr??c c?ng b?nh vi?n ?a khoa ??c Th?;Huân;1;H;??c Th?;2140;9;;;;;;;;;;;
523;7705254;D? án ???ng giao thông n?i vùng xã Liên Minh huy?n ??c Th?;Huân;1;H;??c Th?;2140;9;;;;;;;;;;;
524;7927747;D? án C?ng trang trí ?èn Led ?o?n Ngã t? Yên Trung ??n Khu l?u ni?m Tr?n Phú và 02 nút giao QL8A, huy?n ??c Th?;Huân;1;H;??c Th?;2140;9;;;;;;;;;;;
525;7931983;D? án C?i t?o, nâng c?p b?n Tam Soa, xã Tùng ?nh, huy?n ??c Th?;Huân;1;H;??c Th?;2140;9;;;;;;;;;;;
526;7892100;D? án Thay th? bó v?a ???ng Yên Trung, Th? tr?n ??c Th?, huy?n ??c Th? (phía ph?i tuy?n);Huân;1;H;??c Th?;2140;9;;;;;;;;;;;
527;8079696;D? án Ch?nh trang, nâng c?p h? th?ng v?a hè tuy?n ???ng Phan ?ình Phùng, th? tr?n ??c Th? (?o?n t? c?u ?ôi 2 ??n Ngã t? Bà Viên);Huân;1;H;??c Th?;2140;9;;;;;;;;;;;
528;7851159; ???ng d?c Bà toàn - H??ng Th? (?o?n t? thôn ??ng Minh xã H??ng Minh ??n thôn 2 xã H??ng Th?), huy?n V? Quang;Thu?n;1;T;V? Quang;2140;9;;;;;;;;;;;
529;7770171;C?u C?a Rào, huy?n V? Quang;Thu?n;1;T;V? Quang;2140;9;;;;;;;;;;;
530;7750092;S?ng chung v?i l? huy?n V? Quang;Thu?n;1;T;V? Quang;2140;9;;;;;;;;;;;
531;7674976;C?u Liên Hòa, huy?n V? Quang;Thu?n;1;T;V? Quang;2140;9;;;;;;;;;;;
532;7509845;???ng giao thông liên xã ??c L?nh ?i Th? tr?n V? Quang;Thu?n;1;T;V? Quang;2140;9;;;;;;;;;;;
533;8074706;???ng GTNT tr?c xã (Tuy?n Ân Phú C?a Rào - Ông Th?c - ??p tràn H??ng Giang), xã ??c H??ng ;Thu?n;1;H;V? Quang;2140;9;;;;;;;;;;;
534;8074707;Nâng c?p, s?a ch?a ???ng 71 xã H??ng Minh (?i?m ??u ngõ bà Liên thôn H?p Trùa, ?i?m cu?i ngõ ông L?ch thôn H?p Du?n);Thu?n;1;H;V? Quang;2140;9;;;;;;;;;;;
535;8074708;???ng giao thông n?i th? TDP6 th? tr?n V? Quang;Thu?n;1;H;V? Quang;2140;9;;;;;;;;;;;
536;8121501;???ng GTNT xã ??c Giang (tuy?n c?ng ông Vinh - ông Thi?u, thôn 3 B?ng Giang), huy?n V? Quang;Thu?n;1;H;V? Quang;2140;9;;;;;;;;;;;
537;8126748;Xây d?ng Kè ch?ng s?t l? ???ng tr?c xã t?i thôn 6 (?o?n t? nhà anh Thông ??n nhà anh Thành), xã Th? ?i?n;Thu?n;1;H;V? Quang;2140;9;;;;;;;;;;;
538;8126750;S?a ch?a, c?i t?o h? th?ng ?i?n chi?u sáng ???ng Phan ?ình Phùng và xây d?ng m?i h? th?ng ?i?n chi?u sáng ???ng Phan ?ình Phùng kéo dài;Thu?n;1;H;V? Quang;2140;9;;;;;;;;;;;
539;8121644;Xây d?ng, nâng c?p ???ng tr?c thôn 3 (?i?m ??u t?i B?u ?i?n - ?i?m cu?i t?i cây ?a), xã Quang Th?;Thu?n;1;H;V? Quang;2140;9;;;;;;;;;;;
540;8068858;M? r?ng, nâng c?p ???ng tr?c xã Tr?c Thác - Ngõ Bà Tuy?t (thôn 2, thôn 3, thôn 4, thôn 5) xã Ân phú, huy?n V? Quang;Thu?n;1;H;V? Quang;2140;9;;;;;;;;;;;
541;8073107;???ng GTNT t? thôn Bình Phong ?i thôn Tân H?ng xã ??c L?nh;Thu?n;1;H;V? Quang;2140;9;;;;;;;;;;;
542;7959985;???ng giao thông Ân Phú - C?a Rào, ?o?n qua xã ??c Liên huy?n V? Quang;Thu?n;1;H;V? Quang;2140;9;;;;;;;;;;;
543;7959986;???ng giao thông L?c H?u, Nguy?n Du, th? tr?n V? Quang;Thu?n;1;H;V? Quang;2140;9;;;;;;;;;;;
544;8032447; Nâng c?p ???ng GTNT thôn 2 tuy?n ???ng con Cuông - ông D?n - ??p Tr? Th?y xã Quang Th?;Thu?n;1;H;V? Quang;2140;9;;;;;;;;;;;
545;8027805;???ng GTNT thôn Thanh S?n xã ??c L?nh (?o?n t? ???ng IFAX ?i Khe ?i – Khe Du – Khe Chèo);Thu?n;1;H;V? Quang;2140;9;;;;;;;;;;;
546;8045175;Xây d?ng c?u Áng Ngò (tuy?n ???ng S?n Long - Ch? B?ng), xã Ân Phú;Thu?n;1;H;V? Quang;2140;9;;;;;;;;;;;
547;8117231;Nâng c?p s?a ch?a khuôn viên, nhà v? sinh và các h?ng m?c ph? tr? tr??ng Ti?u h?c xã ??c Giang;Thu?n;1;H;V? Quang;2140;9;;;;;;;;;;;
548;7677847;???ng giao thông thôn 5 xã H??ng Th?, huy?n V? Quang;Thu?n;1;H;V? Quang;2140;9;;;;;;;;;;;
549;7654764;C?i t?o, s?a ch?a phòng Giáo d?c huy?n V? Quang;Thu?n;1;H;V? Quang;2140;9;;;;;;;;;;;
550;7884785;C?i t?o, s?a ch?a nhà k? thu?t, nhà ?i?u tr? b?nh lây Trung tâm y t? huy?n V? Quang;Thu?n;1;H;V? Quang;2140;9;;;;;;;;;;;
551;7666226;Nhà ?a ch?c n?ng 1 t?ng công trình tr??ng THCS Phan ?ình Phùng, huy?n V? Quang;Thu?n;1;H;V? Quang;2140;9;;;;;;;;;;;
552;8066769;H? th?ng c?ng và m??ng tiêu n??c x? ??ng V?i, xã ??c Liên, huy?n V? Quang;Thu?n;1;H;V? Quang;2140;9;;;;;;;;;;;
553;7859855;L?p ??t bi?n tên ???ng khu trung tâm th? tr?n V? Quang;Thu?n;1;H;V? Quang;2140;9;;;;;;;;;;;
554;7767041;???ng liên xã Liên Minh - ??c Tùng - ??c Châu, huy?n ??c Th?, t?nh Hà T?nh;H??ng;1;T;??c Th?;2578;9;;;;;;;;;;;
555;7595639;???ng liên xã ??c ??ng - ??c L?p - Tân H??ng, huy?n ??c Th?;H??ng;1;T;??c Th?;2578;9;;;;;;;;;;;
556;7059920;???ng n?i vùng C?m CN-TTCN t?p trung huy?n ??c Th?, t?nh Hà T?nh;Huân;1;T;??c Th?;2578;9;;;;;;;;;;;
557;7464241;D? án: Phát tri?n c? s? h? t?ng du l?ch ph?c v? cho t?ng tr??ng toàn di?n khu v?c Ti?u vùng Mê Công m? r?ng t?nh Hà T?nh;H??ng Giang;1;T;Dân d?ng;2578;9;;;;;;;;;;;
558;7501924;"D? án "" C?i thi?n c? s? h? t?ng cho các xã b? ?nh h??ng b?i ng?p l?t c?a t?nh Hà T?nh""";V? Giang;1;T;Dân d?ng;DDCN;9;;;;;;;;;;;
559;7679830;D? án Xây d?ng c?t thu, phát sóng truy?n hình th? xã K? Anh;H??ng Giang;1;T;Dân d?ng;DDCN;9;;;;;;;;;;;
560;7732935.1;D? án ??u t? xây d?ng công trình Khu nhà Khám b?nh, Khoa C?p c?u -?i?u tr? tích c?c, Khoa S?n, Khoa Ph?u thu?t và Hành chính t?ng h?p B?nh vi?n ?a khoa huy?n Nghi Xuân;H??ng Giang;1;T;Dân d?ng;DDCN;9;;;;;;;;;;;
561;7732935.2;??u t? xây d?ng công trình Khu nhà Khoa s?n, Khoa nhi, Khoa ngo?i, Khoa 3 CK và các h?ng m?c ph? tr? B?nh vi?n ?a khoa huy?n Th?ch Hà;H??ng Giang;1;T;Dân d?ng;DDCN;9;;;;;;;;;;;
562;7796352; D? án C?i t?o, nâng c?p, t?ng c??ng c? s? v?t ch?t Tr? s? làm vi?c C? quan T?nh u?;H??ng Giang;1;T;Dân d?ng;DDCN;9;;;;;;;;;;;
563;8044607;Nâng c?p tr? s? làm vi?c S? Y t?;V? Giang;1;T;Dân d?ng;DDCN;9;;;;;;;;;;;
564;7010700;???ng tr?c chính t? Trung tâm xã ??c L?ng vào thôn ??ng Quang, Tân Quang huy?n ??c Th?;Huân;1;T;??c Th?;3026;9;;;;;;;;;;;
565;7280505;Nâng c?p tr?m b?m và h? th?ng t??i, tiêu vùng tr?ng ?i?m lúa huy?n ??c Th?, t?nh Hà T?nh;Huân;1;T;??c Th?;3026;9;;;;;;;;;;;
566;7745757;N?n dòng Hói Tr??i xã S?n Th? huy?n V? Quang;Thu?n;1;T;V? Quang;3026;9;;;;;;;;;;;
567;7010934;???ng  giao  thông  n?i  t?  trung  tâm  xã ??c  ??ng  ??n  thôn  B?ng  Phúc  xã  ??c L?ng, huy?n ??c Th?;Huân;1;T;??c Th?;3026;9;;;;;;;;;;;
568;7487883;???ng giao thông nông thôn k?t h?p vào trang  tr?i  ch?n  nuôi  t?p  trung  xã  ??c L?ng,   xã   Tân   H??ng,   xã   ??c   D?ng, huy?n ??c Th?, t?nh Hà T?nh;Huân;1;T;??c Th?;3026;9;;;;;;;;;;;
569;7593405;H? th?ng kênh m??ng n?i ??ng xã  ??c Th?y, huy?n ??c Th?;Huân;1;T;??c Th?;3026;9;;;;;;;;;;;
570;7010431;C?i  t?o,  nâng  c?p  ???ng  T?nh  l?  28, huy?n ??c Th?;Huân;1;T;??c Th?;3026;9;;;;;;;;;;;
571;7731075;???ng giao thông n?i vùng xã ??c Hòa, huy?n ??c Th?;Huân;1;T;??c Th?;3026;9;;;;;;;;;;;
572;7742106;Nâng  c?p  ???ng  n?i  Qu?c  l?  15  ?i  qua trung  tâm  xã  ??c  D?ng,  H?  ch?a  n??c Khe Lang, huy?n ??c Th?;Huân;1;T;??c Th?;3026;9;;;;;;;;;;;
573;8096166;Kh?c ph?c c?p bách kè ch?ng s?t l? b? t? h? l?u c?u Ch? V?c, xã C?m Du?, huy?n C?m Xuyên;Nam;2;T;C?m Xuyên;2140;9;;;;;;;;;;;
574;7959879;X? lý s?t l? b? sông Rác ?o?n qua xã C?m L?c, huy?n C?m Xuyên;Nam;2;T;C?m Xuyên;2140;9;;;;;;;;;;;
575;7904313;Khôi ph?c c?u ?á B?c, xã C?m Th?nh, huy?n C?m Xuyên;Nam;2;T;C?m Xuyên;2140;9;;;;;;;;;;;
576;7902750;Kh?c ph?c kè bi?n xã C?m Nh??ng, huy?n C?m Xuyên;Nam;2;T;C?m Xuyên;2140;9;;;;;;;;;;;
577;7904312;Kh?c ph?c ???ng tr?c xã ven bi?n xã C?m L?nh, huy?n C?m Xuyên;Nam;2;T;C?m Xuyên;2140;9;;;;;;;;;;;
578;7677500;???ng C?m D??ng - C?m Th?nh;Nam;2;T;C?m Xuyên;2140;9;;;;;;;;;;;
579;8115972;Tr? s? làm vi?c và các h?ng m?c ph? tr? Ban Qu?n lý d? án ??u t? xây d?ng huy?n C?m Xuyên;Nam;2;H;C?m Xuyên;2140;9;;;;;;;;;;;
580;7972206;C?u qua kênh Xô Vi?t KN2 thôn H?ng Ti?n, xã C?m H?ng, huy?n C?m Xuyên, t?nh Hà T?nh;Nam;2;H;C?m Xuyên;2140;9;;;;;;;;;;;
581;8065607;???ng doc b? bi?n Thiên C?m ?o?n t? Khách s?n Công ?oàn ??n chân núi Thiên C?m, huy?n C?m Xuyên, t?nh Hà T?nh;Nam;2;H;C?m Xuyên;2140;9;;;;;;;;;;;
582;7956684;???ng ?H.128 ?o?n t? Qu?c l? 8C ??n Gi?ng C?n, th? tr?n Thiên C?m, huy?n C?m Xuyên, t?nh Hà T?nh;Nam;2;H;C?m Xuyên;2140;9;;;;;;;;;;;
583;8060389;???ng tr?c chính vào thôn M? Hòa, xã Yên Hòa, huy?n C?m Xuyên, t?nh Hà T?nh;Nam;2;H;C?m Xuyên;2140;9;;;;;;;;;;;
584;8013448;Nhà h?c 03 t?ng 9 phòng tr??ng Ti?u h?c C?m Th?ch, huy?n C?m Xuyên, t?nh Hà T?nh;Nam;2;H;C?m Xuyên;2140;9;;;;;;;;;;;
585;7961957;DA Nhà h?c 2 t?ng 10 phòng tr??ng MN C?m Minh, huy?n C?m Xuyên (Mã DA 7961957);Nam;2;H;C?m Xuyên;2140;9;;;;;;;;;;;
586;7972203;Nhà h?c 2 t?ng 8 phòng h?c b? môn  tr??ng THCS M? Du?, huy?n C?m Xuyên, t?nh Hà T?nh;Nam;2;H;C?m Xuyên;2140;9;;;;;;;;;;;
587;7972950;Nhà h?c 2 t?ng 8 phòng h?c b? môn tr??ng Ti?u h?c C?m S?n, huy?n C?m Xuyên, t?nh Hà T?nh;Nam;2;H;C?m Xuyên;2140;9;;;;;;;;;;;
588;7972953;Nhà h?c 3 t?ng 12 phòng h?c b? môn tr??ng THCS C?m Nh??ng, huy?n C?m Xuyên, t?nh Hà T?nh.;Nam;2;H;C?m Xuyên;2140;9;;;;;;;;;;;
589;8064109;Nhà h?c b? môn 02 t?ng 10 phòng Tr??ng ti?u h?c C?m H?ng, huy?n C?m Xuyên, t?nh Hà T?nh;Nam;2;H;C?m Xuyên;2140;9;;;;;;;;;;;
590;7972201;Tr??ng ti?u h?c C?m H?ng, h?ng m?c san n?n và nhà h?c 2 t?ng 12 phòng, huy?n C?m Xuyên, t?nh Hà T?nh;Nam;2;H;C?m Xuyên;2140;9;;;;;;;;;;;
591;7972208;Nhà h?c 02 t?ng 10 phòng tr??ng Ti?u h?c Nam Phúc Th?ng 2, huy?n C?m Xuyên, t?nh Hà T?nh;Nam;2;H;C?m Xuyên;2140;9;;;;;;;;;;;
592;7972210;Nhà h?c 2 t?ng 8 phòng h?c b? môn tr??ng ti?u h?c C?m Trung, huy?n C?m Xuyên, t?nh Hà T?nh;Nam;2;H;C?m Xuyên;2140;9;;;;;;;;;;;
593;8013449;Nâng c?p, c?i t?o khuôn viên, sân v??n Trung tâm v?n hóa Hà Huy T?p, huy?n C?m Xuyên, t?nh Hà T?nh;Nam;2;H;C?m Xuyên;2140;9;;;;;;;;;;;
594;8013450;C?i t?o, s?a ch?a Nhà làm vi?c 2 t?ng Trung tâm giáo d?c ngh? nghi?p - GDTX, huy?n C?m Xuyên, t?nh Hà T?nh;Nam;2;H;C?m Xuyên;2140;9;;;;;;;;;;;
595;8064108;Nâng c?p, c?i t?o Tr? s? chi c?c Thu? c? huy?n C?m Xuyên, t?nh Hà T?nh;Nam;2;H;C?m Xuyên;2140;9;;;;;;;;;;;
596;8070790;C?u Tru?c Nh?ng, xã C?m L?c, huy?n C?m Xuyên, t?nh Hà T?nh;Nam;2;H;C?m Xuyên;2140;9;;;;;;;;;;;
597;8115970;Nâng c?p, c?i t?o s?a ch?a H?i tr??ng Hà Huy T?p, huy?n C?m Xuyên;Nam;2;H;C?m Xuyên;2140;9;;;;;;;;;;;
598;8128678;X? lý s?t l? b? sông Ngàn M? ?o?n qua xã C?m Thành, huy?n C?m Xuyên;Nam;2;H;C?m Xuyên;2140;9;;;;;;;;;;;
599;7874264.3;Xây d?ng tr? s? Công an xã C?m L?nh;Nam;2;H;C?m Xuyên;2140;9;;;;;;;;;;;
600;7874264.4;Xây d?ng tr? s? Công an xã C?m D??ng;Nam;2;H;C?m Xuyên;2140;9;;;;;;;;;;;
601;7874264.5;Xây d?ng tr? s? Công an xã C?m Thành;Nam;2;H;C?m Xuyên;2140;9;;;;;;;;;;;
602;7920259;???ng th? tr?n Nghèn - ??ng L?c;H??ng;2;T;Can L?c;2140;9;;;;;;;;;;;
603;8120806;S?n bó v?a, b? sung h? th?ng an toàn giao thông m?t s? tuy?n ???ng n?i th?, th? tr?n Nghèn, huy?n Can L?c;H??ng;2;H;Can L?c;2140;9;;;;;;;;;;;
604;7771916;Khu th? thao, sân v?n ??ng huy?n Can L?c (giai ?o?n 1);H??ng;2;H;Can L?c;2140;9;;;;;;;;;;;
605;7779873;Nâng c?p, m? r?ng ???ng tr?c chính xã Thu?n Thi?n ?i ??p Cù Lây, huy?n Can L?c;H??ng;2;H;Can L?c;2140;9;;;;;;;;;;;
606;7945813;Xây d?ng Tr? s? làm vi?c c? quan chính quy?n huy?n Can L?c;H??ng;2;H;Can L?c;2140;9;;;;;;;;;;;
607;7988217;???ng giao thông và c?u C?n Ao, xã Kim Song Tr??ng, huy?n Can Lôc;H??ng;2;H;Can L?c;2140;9;;;;;;;;;;;
608;8033930;H? th?ng ?i?n chi?u sáng Qu?c l? 1A th? tr?n Nghèn, huy?n Can L?c ;H??ng;2;H;Can L?c;2140;9;;;;;;;;;;;
609;8042572;Xây d?ng tr? s? làm vi?c xã Kim Song Tr??ng, huy?n Can L?c;H??ng;2;H;Can L?c;2140;9;;;;;;;;;;;
610;7619874;Nhà h?c 2 t?ng 8 phòng tr??ng THCS Trà Linh;H??ng;2;H;Can L?c;2140;9;;;;;;;;;;;
611;8117704;Xây d?ng h? t?ng khuôn viên tr? s? Huy?n u?, c? quan chính quy?n huy?n Can L?c. H?ng m?c: H? ng?m ???ng ?i?n 0,4KV, nhà ?? xe, mái kính và các h?ng m?c ph? tr?;H??ng;2;H;Can L?c;2140;9;;;;;;;;;;;
612;7899875;Kè ch?ng s?t l? b? sông ??p ?ình, xã Trung L?c, huy?n Can L?c;H??ng;2;H;Can L?c;2578;9;;;;;;;;;;;
613;XHH10;Nhà v?n hóa c?ng ??ng k?t h?p tránh bão, l? thôn Th??ng Phúc, xã Khánh V?nh Yên ;H??ng;2;H;Can L?c;2578;9;;;;;;;;;;;
614;7296126;Tu  b?,  tôn  t?o  qu?n  th?  di  tích  khu  m?, khu  l?u  ni?m  và  qu?ng  tr??ng  C?  T?ng Bí th?  Hà  Huy T?p,  huy?n  C?m  Xuyên, t?nh Hà T?nh;Nam;2;T;C?m Xuyên;3026;9;;;;;;;;;;;
615;7430928;S?a ch?a, nâng c?p ??p Mi?u L?n, xã Thiên L?c;H??ng;2;T;Can L?c;3026;9;;;;;;;;;;;
616;7647120;D? án ???ng tr?c chính Khu du l?ch Nam Thiên C?m,  huy?n C?m Xuyên, t?nh Hà T?nh;Nam;2;T;C?m Xuyên;3026;9;;;;;;;;;;;
617;7050846;C?i t?o, nâng c?p ???ng t?nh l? 7 ?i Chùa H??ng Tích, huy?n Can L?c;H??ng;2;T;Can L?c;3026;9;;;;;;;;;;;
618;7830641;H? th?ng thoát th?i c?m Công nghi?p B?c huy?n C?m Xuyên;Nam;2;H;C?m Xuyên;3026;9;;;;;;;;;;;
619;7955538;???ng giao thông nông thôn xã Gia Hanh, huy?n Can L?c;H??ng;2;H;Can L?c;3026;9;;;;;;;;;;;
620;7660122;DA c?i thi?n CS h? t?ng cho các xã ch?u ?nh h??ng c?a DA KT m? s?t Th?ch Khê, th?c hi?n ?? án PT b?n v?ng KT-XH các xã ch?u ?nh h??ng c?a DA KT m? s?t Th?ch Khê - G?2 (?? án 946);Phú;3;T;Th?ch Hà;2140;9;;;;;;;;;;;
621;7043186;Nâng c?p, m? r?ng ???ng T?nh l? 9 (?o?n t? c?u H? ?? ??n trung tâm huy?n L?c Hà);Phú;3;T;Th?ch Hà;2140;9;;;;;;;;;;;
622;7933908;Nâng c?p, m? r?ng ???ng n?i Qu?c l? 1 t?i ngã 3 Th?ch Long ?i ???ng t?nh ?T.549;Phú;3;T;Th?ch Hà;2140;9;;;;;;;;;;;
623;7590863;C?ng c?, nâng c?p tuy?n ?ê H?u Ph? ?o?n t? c?u C?a Sót ??n núi Nam Gi?i, huy?n Th?ch Hà;Phú;3;T;Th?ch Hà;2140;9;;;;;;;;;;;
624;7591640;???ng giao thông nông thôn kê?t h?p va?o khu ch?n nuôi t?p trung xã Phù L?u, huyê?n L?c Ha?;Phú;3;T;Th?ch Hà;2140;9;;;;;;;;;;;
625;7957789;Ch?nh trang h? th?ng cây xanh trên ??a bàn huy?n;Phú;3;H;Th?ch Hà;2140;9;;;;;;;;;;;
626;7908579;L?p ??t c?m ?èn tín hi?u giao thông t?i nút giao ???ng huy?n l? 03 v?i ???ng Qu?c l? 15B t?i xã Th?ch V?n và nút giao ???ng tr?c chính xã Th?ch Long v?i QL15B;Phú;3;H;Th?ch Hà;2140;9;;;;;;;;;;;
627;8093845;Nâng c?p, m? r?ng tuy?n ???ng t? dân ph? 14 ?o?n t? ???ng Lý Nh?t Quang ??n ???ng liên xã L?u V?nh S?n - Vi?t Ti?n;Phú;3;H;Th?ch Hà;2140;9;;;;;;;;;;;
628;7572540;C?i t?o tr? s? huy?n ?oàn (Trung tâm chính tr? c?);Phú;3;H;Th?ch Hà;2140;9;;;;;;;;;;;
629;8123611;Ch?nh trang h? th?ng chi?u sáng, khuôn viên tr? s? Huy?n ?y, tr? s? H?ND - UBND huy?n, Công viên V?n hóa Lý T? Tr?ng;Tâm;3;H;Th?ch Hà;2140;9;;;;;;;;;;;
630;7897753;Xây d?ng kênh tiêu úng thôn Thanh Tân xã Th?ch Châu ??n thôn Phú S?n xã Mai Ph?;Phú;3;H;Th?ch Hà;2140;9;;;;;;;;;;;
631;8031133;Kh?i phòng b? môn 2 t?ng tr??ng Ti?u h?c Th?ch L?u;Phú;3;H;Th?ch Hà;2140;9;;;;;;;;;;;
632;8086193;Nâng c?p sân tr??ng, nhà xe giáo viên và các h?ng m?c ph? tr? Tr??ng THCS Nguy?n Thi?p;Phú;3;H;Th?ch Hà;2140;9;;;;;;;;;;;
633;8089590;Nâng c?p ???ng Carboncor t? thôn Hòa Bình ?i thôn Th?ng Nh?t, xã Nam ?i?n;Phú;3;H;Th?ch Hà;2140;9;;;;;;;;;;;
634;8092444;C?i t?o s?a ch?a tr? làm vi?c h?i ng??i mù, H?i c?u TNXP và H?i ?ông Y châm c?u huyên Th?ch Hà.;Phú;3;H;Th?ch Hà;2140;9;;;;;;;;;;;
635;8082379;Xây m?i c?ng, hàng rào và các h?ng m?c ph? tr? Tr??ng THCS H??ng ?i?n Nam H??ng;Phú;3;H;Th?ch Hà;2140;9;;;;;;;;;;;
636;7908581;???ng giao thông liên xã Ng?c S?n - L?u V?nh S?n;Phú;3;H;Th?ch Hà;2140;9;;;;;;;;;;;
637;7903690;Nâng c?p ???ng tr?c chính xã Th?ch V?n;Phú;3;H;Th?ch Hà;2140;9;;;;;;;;;;;
638;7923797;Xây d?ng sân bóng, c?ng và hàng rào Tr??ng ti?u h?c 2 th? tr?n Th?ch Hà;Phú;3;H;Th?ch Hà;2140;9;;;;;;;;;;;
639;8088626;Nâng c?p sân tr??ng và h? th?ng thoát n??c Tr??ng Ti?u h?c Th?ch Ng?c;Phú;3;H;Th?ch Hà;2140;9;;;;;;;;;;;
640;7991489;H? t?ng khuôn viên, b?p ?n bán trú và các h?ng m?c ph? tr? Tr??ng m?m non Th?ch H?i;Phú;3;H;Th?ch Hà;2140;9;;;;;;;;;;;
641;7985900;Nhà ?a ch?c n?ng tr??ng ti?u h?c Th?ch Kênh;Phú;3;H;Th?ch Hà;2140;9;;;;;;;;;;;
642;7985921;Nhà ?a ch?c n?ng tr??ng THCS Nguy?n Thi?p;Phú;3;H;Th?ch Hà;2140;9;;;;;;;;;;;
643;7991492;Nhà ?a ch?c n?ng và các h?ng m?c ph? tr? tr??ng ti?u h?c Th?ch Long;Phú;3;H;Th?ch Hà;2140;9;;;;;;;;;;;
644;7922940;Nhà HCQT và các phòng ph?c v? h?c t?p , các h?ng m?c ph? tr? tr??ng TH T??ng S?n, huy?n Th?ch Hà;Phú;3;H;Th?ch Hà;2140;9;;;;;;;;;;;
645;7954937;Nhà h?c 2 t?ng 10 phòng Tr??ng Ti?u h?c Lý T? Tr?ng, xã Vi?t Ti?n;Phú;3;H;Th?ch Hà;2140;9;;;;;;;;;;;
646;7986994;Nhà h?c 2 t?ng 4 phòng tr??ng ti?u h?c ??nh Bàn;Phú;3;H;Th?ch Hà;2140;9;;;;;;;;;;;
647;7980676;Nhà h?c b? môn tr??ng Ti?u h?c Th?ch Kênh;Phú;3;H;Th?ch Hà;2140;9;;;;;;;;;;;
648;7959877;Nhà làm vi?c 2 t?ng tr?m Y t? xã L?u V?nh S?n;Phú;3;H;Th?ch Hà;2140;9;;;;;;;;;;;
649;7978607;Nhà làm vi?c c? quan kh?i dân huy?n Th?ch Hà;Phú;3;H;Th?ch Hà;2140;9;;;;;;;;;;;
650;7980675;Xây d?ng Nhà v?n hoá c?ng ??ng – Ngôi nhà trí tu? t?i thôn Nam S?n, xã Ng?c S?n;Phú;3;H;Th?ch Hà;2140;9;;;;;;;;;;;
651;8031591;Nhà h?c 02 t?ng Tr??ng ti?u h?c Th?ch S?n;Phú;3;H;Th?ch Hà;2140;9;;;;;;;;;;;
652;7904967;Nhà v? sinh và các h?ng m?c ph? tr?, tr??ng THPT Nguy?n Trung Thiên;Phú;3;H;Th?ch Hà;2140;9;;;;;;;;;;;
653;8031592;Nhà h?c b? môn tr??ng THCS Phan Huy Chú;Phú;3;H;Th?ch Hà;2140;9;;;;;;;;;;;
654;7997597;C?i t?o, s?a ch?a nhà công v? 2 t?ng và các h?ng m?c ph? tr? Tr? s? làm vi?c H?ND - UBND huy?n Th?ch Hà;Phú;3;H;Th?ch Hà;2140;9;;;;;;;;;;;
655;7949361;Nâng c?p, s?a ch?a Tr?m Y t? xã Ng?c S?n;Phú;3;H;Th?ch Hà;2140;9;;;;;;;;;;;
656;8031590;Nhà h?c 02 t?ng Tr??ng ti?u h?c Th?ch Liên;Phú;3;H;Th?ch Hà;2140;9;;;;;;;;;;;
657;8027330;Nhà h?c 2 t?ng Tr??ng M?m non Th?ch Th?ng;Phú;3;H;Th?ch Hà;2140;9;;;;;;;;;;;
658;8027331;Nhà h?c 2 t?ng Tr??ng ti?u h?c Th?ch V?n;Phú;3;H;Th?ch Hà;2140;9;;;;;;;;;;;
659;8027882;H? t?ng, khuôn viên sân tr??ng và các h?ng m?c ph? tr? Tr??ng THCS ??ng Ti?n;Phú;3;H;Th?ch Hà;2140;9;;;;;;;;;;;
660;8042570;Nhà so?n l? và các h?ng m?c ph? tr? Di tích L?ch s? v?n hoá qu?c gia ??n th? l?ng m? Lê Khôi;Phú;3;H;Th?ch Hà;2140;9;;;;;;;;;;;
661;8050819;C?i t?o sân v?n ??ng huy?n Th?ch Hà;Phú;3;H;Th?ch Hà;2140;9;;;;;;;;;;;
662;8092683;Nang cap co so vat chat Trung Tam giao duc Nghe nghiep - Giao duc thuong xuyen Thach Hà;Phú;3;H;Th?ch Hà;2140;9;;;;;;;;;;;
663;8082854;Kh?i phòng sinh ho?t chung, phòng ph?c v? h?c t?p, phòng hành chính qu?n tr? và các h?ng m?c ph? tr? tr??ng m?m non Th?ch Liên;Phú;3;H;Th?ch Hà;2140;9;;;;;;;;;;;
664;8020725;???ng giao thông liên thôn Quy?t Ti?n - Trung L?c, xã Th?ch L?c;Phú;3;H;Th?ch Hà;2140;9;;;;;;;;;;;
665;7892597;Nâng c?p m? r?ng tuy?n ???ng t? C?u ph? 2 ?i thôn S?n trình Xã Tân Lâm H??ng, huy?n Th?ch Hà;Phú;3;H;Th?ch Hà;2140;9;;;;;;;;;;;
666;7978299;Nhà ?a ch?c n?ng Tr??ng Ti?u h?c Th?ch Th?ng;Phú;3;H;Th?ch Hà;2140;9;;;;;;;;;;;
667;8022920;???ng giao thông T? dân ph? 15, th? tr?n Th?ch Hà;Phú;3;H;Th?ch Hà;2140;9;;;;;;;;;;;
668;8027883;???ng giao thông t? thôn V?nh Hòa ?i thôn Thanh Long, xã ??nh Bàn;Phú;3;H;Th?ch Hà;2140;9;;;;;;;;;;;
669;8025251;???ng giao thông liên xã T??ng S?n - Th?ch L?c (LX-06) ?o?n t? Km1+00 ??n Km4+100;Phú;3;H;Th?ch Hà;2140;9;;;;;;;;;;;
670;8050823;C?u ?ò Bang, xã Th?ch L?c;Phú;3;H;Th?ch Hà;2140;9;;;;;;;;;;;
671;7993035;???ng giao thông t? ???ng Huy?n l? 03 ??n thôn Tr?n Phú, xã Th?ch Tr?;Phú;3;H;Th?ch Hà;2140;9;;;;;;;;;;;
672;7994843;???ng giao thông liên thôn Trung Trinh, H??ng Giang, Tân Long, xã Vi?t Ti?n;Phú;3;H;Th?ch Hà;2140;9;;;;;;;;;;;
673;7817200;Nâng c?p, m? r?ng tuy?n ???ng t? UBND xã Th?ch H?i ??n khu di tích ??n Lê Khôi;Phú;3;H;Th?ch Hà;2140;9;;;;;;;;;;;
674;7901444;Khôi ph?c, nâng c?p c?u dân sinh Hói Tr?n thôn Tân Hòa, xã Tân Lâm H??ng, huy?n Th?ch Hà;Phú;3;H;Th?ch Hà;2140;9;;;;;;;;;;;
675;7986298;???ng giao thông thôn Tân H??ng, xã Th?ch Khê;Phú;3;H;Th?ch Hà;2140;9;;;;;;;;;;;
676;7955254;???ng giao thông liên xã t? thôn B?c V?n, xã Th?ch V?n ??n thôn B?c Dinh, xã Th?ch Tr?;Phú;3;H;Th?ch Hà;2140;9;;;;;;;;;;;
677;7919803;Nâng c?p, m? r?ng ???ng giao thông t? Qu?c l? 15B ??n khu du l?ch bi?n V?n Tr?, xã Th?ch V?n;Phú;3;H;Th?ch Hà;2140;9;;;;;;;;;;;
678;8020723;Xây d?ng h? th?ng kênh m??ng xã L?u V?nh S?n;Phú;3;H;Th?ch Hà;2140;9;;;;;;;;;;;
679;8020724;Nâng c?p, s?a ch?a tr?m b?m ?ò Bang và h? th?ng kênh t??i sau tr?m b?m, xã T??ng S?n;Phú;3;H;Th?ch Hà;2140;9;;;;;;;;;;;
680;8068189;Nhà ?? xe và các h?ng m?c ph? tr?, tr? s? H?ND-UBND huy?n;Phú;3;H;Th?ch Hà;2140;9;;;;;;;;;;;
681;8086192;S?a ch?a nâng c?p tr?m b?m ??i Tr?u và công ?i?u ti?t ??p Tr?m xã Vi?t Ti?n;Phú;3;H;Th?ch Hà;2140;9;;;;;;;;;;;
682;8086198;Xây d?ng tràn ?i?u ti?t và tr?m b?m, kênh d?n x? ??ng ??p C?c, xã Th?ch Ng?c;Phú;3;H;Th?ch Hà;2140;9;;;;;;;;;;;
683;8084058;Xây d?ng tuy?n kênh tiêu thoát l? thôn ?ông Ti?n ??n thôn L?c Ân xã L?u V?nh S?n;Phú;3;H;Th?ch Hà;2140;9;;;;;;;;;;;
684;7978296;Xây d?ng tuy?n kênh t? kênh N1-19 ??n gi?ng N?ng, thôn M? Châu, xã Th?ch Ng?c;Phú;3;H;Th?ch Hà;2140;9;;;;;;;;;;;
685;7978301;Xây d?ng tuy?n kênh t??i thôn Khe Giao và thôn Trung Tâm, xã Ng?c S?n;Phú;3;H;Th?ch Hà;2140;9;;;;;;;;;;;
686;7978619;Kênh tiêu thoát n??c thôn Phúc Thanh, xã Th?ch khê;Phú;3;H;Th?ch Hà;2140;9;;;;;;;;;;;
687;8079340;Tuy?n kênh tiêu thoát l? Khe Tr?a xã Tân Lâm H??ng;Phú;3;H;Th?ch Hà;2140;9;;;;;;;;;;;
688;8076989;Xây d?ng tr?m b?m B?u N?y và h? th?ng c?p ?i?n cho tr?m b?m Bàu N?y, xã H?ng L?c;Phú;3;H;Th?ch Hà;2140;9;;;;;;;;;;;
689;8056728;Nâng c?p, s?a ch?a kênh tiêu úng Xuân H?i, th? tr?n L?c Hà;Phú;3;H;Th?ch Hà;2140;9;;;;;;;;;;;
690;7918424;Kênh tiêu ?ông Liên xã Th?nh L?c và Bình An huy?n L?c Hà;Phú;3;H;Th?ch Hà;2140;9;;;;;;;;;;;
691;8065168;???ng giao thông xã Bình An;Phú;3;H;Th?ch Hà;2140;9;;;;;;;;;;;
692;8096969;???ng giao thông liên xã Mai Ph? - H? ??, huy?n L?c Hà (d? án thành ph?n 01);Phú;3;H;Th?ch Hà;2140;9;;;;;;;;;;;
693;8073714;Tr?ng m?i, b? sung, c?i t?o cây xanh t?i ??i l? B?ng S?n và ??i l? Mai H?c ?? n?m 2023;Phú;3;H;Th?ch Hà;2140;9;;;;;;;;;;;
694;7908090;???ng giao thông t? khu v?c h? t?ng tái ??nh c? d? án AFD t?i thôn Gia Ngãi 1 ??n sông Vách Nam, xã Th?ch Long;Phú;3;H;Th?ch Hà;2140;9;;;;;;;;;;;
695;7810518;????ng giao thông khu du li?ch biê?n Lô?c Ha? ?oa?n t?? Ke? biê?n Xuân Ha?i ?ê?n ????ng Quô?c lô? Xuân Hô?i-Tha?ch Khê-Vu?ng A?ng;Phú;3;H;Th?ch Hà;2140;9;;;;;;;;;;;
696;7897532;????ng giao thông nô?i vu?ng khu v??c trung tâm ha?nh chi?nh giai ?oa?n 4;Phú;3;H;Th?ch Hà;2140;9;;;;;;;;;;;
697;7899640;Xây d??ng hê? thô?ng kênh m??ng t???i, tiêu xa? Hô?ng Lôc;Phú;3;H;Th?ch Hà;2140;9;;;;;;;;;;;
698;7966756;Xây d?ng c?ng vành ?ai C? Ng?a, xã Th?ch M?;Phú;3;H;Th?ch Hà;2140;9;;;;;;;;;;;
699;8065169;Xây d?ng Kênh tiêu úng liên xã Bình An - Phù L?u;Phú;3;H;Th?ch Hà;2140;9;;;;;;;;;;;
700;8076990;Xây d?ng nhà 03 t?ng, 14 phòng và các h?ng m?c ph? tr? Tr??ng Ti?u h?c Th?nh L?c;Phú;3;H;Th?ch Hà;2140;9;;;;;;;;;;;
701;8076991;Xây d?ng nhà h?c 03 t?ng 11 phòng Tr??ng THCS M? Châu;Phú;3;H;Th?ch Hà;2140;9;;;;;;;;;;;
702;8078747;Kh?c ph?c s?a ch?a ??p Cây S?n xã Gia Ph?;Quân;3;T;H??ng Khê;2140;9;;;;;;;;;;;
703;8080498;???ng GTNT thôn 5 ?i thôn 6, 7 xã H??ng Th?y;Quân;3;H;H??ng Khê;2140;9;;;;;;;;;;;
704;8026953;Nhà b? môn 2 t?ng 6 phòng Tr??ng Ti?u h?c H??ng Trà ;Quân;3;H;H??ng Khê;2140;9;;;;;;;;;;;
705;8080484;Trung tâm giáo d?c ngh? nghi?p - giáo d?c th??ng xuyên (h?ng m?c xây d?ng hàng rào, s?a ch?a nhà b?o v?, xây d?ng khu v?c sau kh?i nhà h?c 3 t?ng);Quân;3;H;H??ng Khê;2140;9;;;;;;;;;;;
706;8080499;???ng GTNT xã H??ng V?nh (???ng tr?c xã HV01);Quân;3;H;H??ng Khê;2140;9;;;;;;;;;;;
707;8026959;???ng GTNT Hà Linh;Quân;3;H;H??ng Khê;2140;9;;;;;;;;;;;
708;7999331;???ng GTNT xóm 6 Hà Linh;Quân;3;H;H??ng Khê;2140;9;;;;;;;;;;;
709;8025717;Kh?i ph?c v? h?c t?p 02 t?ng 06 phòng tr??ng THCS Ph??ng ?i?n;Quân;3;H;H??ng Khê;2140;9;;;;;;;;;;;
710;7999329;???ng giao thông huy?n l? 10 (?H.95) ?o?n qua xã Hà Linh;Quân;3;H;H??ng Khê;2140;9;;;;;;;;;;;
711;8018892;???ng GTNT ?i?n M?;Quân;3;H;H??ng Khê;2140;9;;;;;;;;;;;
712;7896622;Nhà hành chính qu?n tr? 2 t?ng Tr??ng THCS Phúc Tr?ch;Quân;3;H;H??ng Khê;2140;9;;;;;;;;;;;
713;7899079;Quy ho?ch chung xây d?ng th? tr?n Th?ch Hà, huy?n Th?ch Hà, t?nh Hà T?nh ??n n?m 2035, t? l? 1/5.000;Phú;3;H;Th?ch Hà;2977;9;;;;;;;;;;;
714;8018464;Quy ho?ch chung th? tr?n L?c Hà và vùng ph? c?n ??n n?m 2035, t?m nhìn ??n n?m 2050, t? l? 1/5.000;Phú;3;H;Th?ch Hà;2977;5;;;;;;;;;;;
715;7955256;C?u ph?c v? dân sinh, s?n xu?t mu?i và nuôi tr?ng th?y s?n t?i thôn V?nh S?n, xã ??nh Bàn;Phú;3;H;Th?ch Hà;3026;9;;;;;;;;;;;
716;7043149;D? án nâng c?p ???ng giao thông liên xã Huy?n L?c Hà;Phú;3;T;Th?ch Hà;2578;10;;;;;;;;;;;
717;7305121;D? án Tr?m b?m chính và kênh d?n n??c ng?t ph?c v? s?n xu?t nông nghi?p và nuôi tr?ng th?y s?n t?i các xã Th?ch M?, H? ?? và Mai Ph?, huy?n L?c Hà;Phú;3;H;Th?ch Hà;2140;10;;;;;;;;;;;
718;7292327;D? án S?a ch?a nâng c?p kênh d?n, tr?m b?m ??u C?u xã H?ng L?c, huy?n L?c Hà;Phú;3;H;Th?ch Hà;2140;10;;;;;;;;;;;
719;7268232;D? án ??u t? xây d?ng công trình Ngh?a trang Li?t s? huy?n L?c Hà;Phú;3;H;Th?ch Hà;2140;10;;;;;;;;;;;
720;7937654;Quy ho?ch chung xây d?ng th? tr?n ??c Th? và vùng ph? c?n ??n n?m 2035, t? l? 1/5000;Huân;1;H;??c Th?;3455;10;;;;;;;;;;;
721;8040453;?i?u ch?nh quy ho?ch xây d?ng vùng huy?n ??c Th? ??n n?m 2035, t?m nhìn ??n 2050;Huân;1;H;??c Th?;3455;10;;;;;;;;;;;
722;7926548;L?p k? ho?ch s? d?ng ??t n?m 2021 - 2030 huy?n V? Quang;Thu?n;1;H;V? Quang;3455;10;;;;;;;;;;;
723;ch?a m? mã;?i?u ch?nh Quy ho?ch xây d?ng vùng huy?n Can L?c ??n n?m 2035, t?m nhìn 2050;H??ng;2;#N/A;Can L?c;2977;10;;;;;;;;;;;
724;7902785;?i?u ch?nh quy ho?ch chung xây d?ng th? tr?n C?m Xuyên và vùng ph? c?n ??n n?m 2035;Nam;2;H;C?m Xuyên;3455;10;;;;;;;;;;;
725;8073451;?ng d?ng công nghê thông tin, chuy?n ??i s? t?i UBND huy?n C?m Xuyên;Nam;2;H;C?m Xuyên;3455;10;;;;;;;;;;;
726;8152306;Quy ho?ch chi ti?t xây d?ng khu dân c? và th??ng m?i d?ch v? xã C?m Nh??ng, t? l? 1/500;Nam;2;H;C?m Xuyên;3455;10;;;;;;;;;;;
727;8153850;Quy ho?ch chi ti?t xây d?ng khu dân c? và th??ng m?i d?ch v? xã C?m Quang, huy?n C?m Xuyên, t? l? 1/500;Nam;2;H;C?m Xuyên;3455;10;;;;;;;;;;;
728;7895893;Xây d?ng ph?n m?m thành ph?n, b? sung trang thi?t b? ph?c v? c?ng ?i?u hành n?i b? trên ??a bàn huy?n;Phú;3;H;Th?ch Hà;3455;10;;;;;;;;;;;
729;7425690;S?a ch?a, nâng c?p h? th?ng th?y l?i Khe Con - H? Võ, xã H??ng Giang, huy?n H??ng Khê, t?nh Hà T?nh;Quân;3;H;H??ng Khê;3455;10;;;;;;;;;;;
;;;;;;;;;;;;;;;;;;;
;7892986;?i?u ch?nh quy ho?ch chi ti?t xây d?ng công viên v?n hóa Lý T? Tr?ng, huy?n Th?ch Hà, t? l? 1/500;;0;;Th?ch Hà;Ch?a chuy?n C?T v? Ban;;;;;;;;;;;;
;7702138;Nâng c?p, m? r?ng ???ng giao thông liên xã ph?c v? dân sinh, s?n xu?t, ch?n nuôi t?p trung xã Th?ch V?nh và tuy?n liên xã LX 05, huy?n Th?ch Hà;;0;;Th?ch Hà;Ch?a chuy?n C?T v? Ban;;;;;;;;;;;;
;8053443;Nâng c?p, c?i t?o tr? s? làm vi?c C? quan Huy?n U?, C? quan UBND huy?n và Trung tâm ?ng d?ng khoa h?c k? thu?t & b?o v? cây tr?ng v?t nuôi huy?n;;0;;H??ng Khê;2966/UB xã H??ng Khê;;;;;;;;;;;;
;8158232;C?i t?o, s?a ch?a nhà h?c 02 t?ng 04 phòng và các h?ng m?c ph? tr? Tr??ng m?m non Phù Vi?t;;0;;Th?ch Hà;2701/UB xã;;;;;;;;;;;;
;8158231;C?i t?o, s?a ch?a sân tr??ng và các h?ng m?c ph? tr? Tr??ng Ti?u h?c Th?ch Kênh;;0;;Th?ch Hà;2701/UB xã;;;;;;;;;;;;
;8158230;Cái t?o, s?a ch?a nhà h?c 02 t?ng 06 phòng, khu v? sinh và các h?ng m?c ph? tr? Tr??ng Ti?u h?c Th?ch Ng?c;;0;;Th?ch Hà;2701/UB xã;;;;;;;;;;;;
;8158229;C?i t?o, s?a ch?a nhà h?c, nhà v? sinh, sân tr??ng, h? th?ng thoát n??c, hàng rào Tr??ng Ti?u h?c Ng?c S?n;;0;;Th?ch Hà;2701/UB xã;;;;;;;;;;;;
;8158228;C?i t?o, s?a ch?a sân tr??ng, h? th?ng thoát n??c và các h?ng m?c ph? tr? Tr??ng Ti?u h?c Th?ch Xuân;;0;;Th?ch Hà;2701/UB xã;;;;;;;;;;;;
;8158227;C?i t?o, s?a ch?a nhà h?c 02 t?ng 08 phòng và các h?ng m?c ph? tr? Tr??ng Ti?u h?c Th?ch Long;;0;;Th?ch Hà;2701/UB xã;;;;;;;;;;;;
;8158226;C?i t?o, s?a ch?a nhà h?c, nhà b? môn, nhà hi?u b? và các h?ng m?c ph? tr? Tr??ng THCS Phan Huy Chú;;0;;Th?ch Hà;2701/UB xã;;;;;;;;;;;;
;8158225;C?i t?o, s?a ch?a hàng rào, mái che, sân và các h?ng m?c ph? tr? Tr??ng Ti?u h?c Nam ?i?n;;0;;Th?ch Hà;2701/UB xã;;;;;;;;;;;;
;8158224;C?i t?o, s?a ch?a các nhà h?c, khu v? sinh và các h?ng m?c ph? tr? Tr??ng M?m non Nam ?i?n;;0;;Th?ch Hà;2701/UB xã;;;;;;;;;;;;
;;;;;;;;;;;;;;;;;;;
;;;;;;;;;;;;;;;;;;;
;;;;;;;;;;;;;;;;;;;
;;;;;;;;;;;;;;;;;;;
;;;;;;;;;;;;;;;;;;;
;;;;;;;;;;;;;;;;;;;
;;;;;;;;;;;;;;;;;;;
;;;;;;;;;;;;;;;;;;;
;;;;;;;;;;;;;;;;;;;
;;;;;;;;;;;;;;;;;;;
;;;;;;;;;;;;;;;;;;;
;;;;;;;;;;;;;;;;;;;
;;;;;;;;;;;;;;;;;;;
;;;;;;;;;;;;;;;;;;;
;;;;;;;;;;;;;;;;;;;
;;;;;;;;;;;;;;;;;;;
;;;;;;;;;;;;;;;;;;;
;;;;;;;;;;;;;;;;;;;
;;;;;;;;;;;;;;;;;;;
;;;;;;;;;;;;;;;;;;;
;;;;;;;;;;;;;;;;;;;
;;;;;;;;;;;;;;;;;;;
;;;;;;;;;;;;;;;;;;;
;;;;;;;;;;;;;;;;;;;
;;;;;;;;;;;;;;;;;;;
;;;;;;;;;;;;;;;;;;;
;;;;;;;;;;;;;;;;;;;
;;;;;;;;;;;;;;;;;;;
;;;;;;;;;;;;;;;;;;;
;;;;;;;;;;;;;;;;;;;
;;;;;;;;;;;;;;;;;;;
;;;;;;;;;;;;;;;;;;;
;;;;;;;;;;;;;;;;;;;
;;;;;;;;;;;;;;;;;;;
;;;;;;;;;;;;;;;;;;;
;;;;;;;;;;;;;;;;;;;
;;;;;;;;;;;;;;;;;;;
;;;;;;;;;;;;;;;;;;;
;;;;;;;;;;;;;;;;;;;
;;;;;;;;;;;;;;;;;;;
;;;;;;;;;;;;;;;;;;;
;;;;;;;;;;;;;;;;;;;
;;;;;;;;;;;;;;;;;;;
;;;;;;;;;;;;;;;;;;;
;;;;;;;;;;;;;;;;;;;
;;;;;;;;;;;;;;;;;;;
;;;;;;;;;;;;;;;;;;;
;;;;;;;;;;;;;;;;;;;
;;;;;;;;;;;;;;;;;;;
;;;;;;;;;;;;;;;;;;;
;;;;;;;;;;;;;;;;;;;
;;;;;;;;;;;;;;;;;;;
;;;;;;;;;;;;;;;;;;;
;;;;;;;;;;;;;;;;;;;
;;;;;;;;;;;;;;;;;;;
;;;;;;;;;;;;;;;;;;;
;;;;;;;;;;;;;;;;;;;
;;;;;;;;;;;;;;;;;;;
;;;;;;;;;;;;;;;;;;;
;;;;;;;;;;;;;;;;;;;
;;;;;;;;;;;;;;;;;;;
;;;;;;;;;;;;;;;;;;;
;;;;;;;;;;;;;;;;;;;
;;;;;;;;;;;;;;;;;;;
;;;;;;;;;;;;;;;;;;;
